player_id,player_name,team_id,team_name,team_short,position,avg_distance_m_per_game,avg_rel_hsr_runs_per_game,avg_rel_hsr_dist_m_per_game,avg_abs_hsr_runs_per_game,avg_abs_hsr_dist_m_per_game,avg_delta_hsr_dist_m_per_game,avg_delta_hsr_runs_per_game,tournament_max_speed_kmh,personal_vmax_kmh,goals_per_game,xg_per_game,shots_per_game,passes_per_game,avg_pass_completion_pct,pressures_per_game,crosses_per_game,dribbles_per_game,interceptions_per_game,total_goals,total_xg,total_passes,sb_data_available,games_played
449,Aaron Mooy,386,Australia,AUS,CDM,4714.1,7.3,71.8,6.5,69.5,2.2,0.8,38.83,24.84,0.0,0.01,0.3,54.8,76.0,11.0,1.0,1.3,0.8,0,0.08,438,true,8
4928,Wataru Endo,57,Japan,JPN,CM,3601.7,5.0,58.0,10.0,103.6,-45.7,-5.0,32.53,28.53,0.0,0.05,1.5,46.8,61.5,17.5,0.0,0.8,1.0,0,0.36,374,true,8
13787,Youstin Salas,385,Costa Rica,CRC,CDM,1117.4,2.5,24.0,3.0,29.3,-5.3,-0.5,25.91,25.47,,,,,,,,,,,,,false,2
40,Dejan Lovren,371,Croatia,CRO,RCB,3712.8,9.0,88.1,6.3,64.8,23.3,2.7,39.81,23.85,0.0,0.06,0.7,75.7,89.4,6.2,0.2,0.0,1.2,0,0.38,454,true,6
22,Kevin De Bruyne,362,Belgium,BEL,RW,4110.6,6.0,63.3,9.7,97.9,-34.6,-3.7,35.65,25.98,0.0,0.06,2.3,46.7,71.4,8.3,4.0,2.3,0.3,0,0.18,140,true,3
13178,Nico Williams,52,Spain,ESP,RW,1450.5,1.8,20.6,5.8,60.8,-40.2,-4.0,38.17,29.78,0.0,0.0,0.0,15.5,83.4,6.0,1.3,3.3,0.3,0,0.0,62,true,4
8420,Papu Gómez,364,Argentina,ARG,LM,1857.2,6.0,55.6,3.5,35.6,20.1,2.5,27.93,23.2,0.0,0.01,1.0,29.0,88.5,5.5,0.0,1.5,1.0,0,0.07,174,true,6
14040,Andre Ayew,383,Ghana,GHA,CF,2632.9,6.7,58.4,2.0,20.1,38.3,4.7,33.89,22.15,0.33,0.42,0.7,12.3,82.6,10.3,0.3,0.7,0.0,2,2.54,74,true,6
13951,Homam Ahmed,360,Qatar,QAT,LWB,3273.1,3.3,46.6,10.0,113.0,-66.4,-6.7,45.0,30.4,0.0,0.0,0.0,34.3,75.0,10.0,1.3,2.0,0.7,0,0.0,103,true,3
9090,Charles De Ketelaere,362,Belgium,BEL,CAM,771.4,4.0,38.6,4.0,41.1,-2.5,0.0,25.85,25.69,0.0,0.0,0.0,4.0,75.0,2.0,0.0,0.0,0.0,0,0.0,4,true,1
2073,Joachim Andersen,367,Denmark,DEN,RCB,3929.1,6.0,75.7,11.7,127.7,-52.1,-5.7,45.0,29.1,0.0,0.05,1.3,81.7,83.1,8.3,0.3,0.3,1.3,0,0.15,245,true,3
13797,Shogo Taniguchi,57,Japan,JPN,RCB,4142.8,2.5,43.9,9.5,114.4,-70.6,-7.0,45.0,33.63,0.0,0.09,1.0,43.0,88.0,3.5,0.0,0.0,0.5,0,0.35,172,true,4
6925,Ilias Chair,374,Morocco,MAR,CAM,2096.4,1.0,13.9,7.0,74.1,-60.2,-6.0,32.49,28.84,0.0,0.0,0.0,15.0,86.7,8.0,2.0,1.0,1.0,0,0.0,15,true,1
1513,Jordi Alba,52,Spain,ESP,LB,2641.0,6.8,69.3,7.0,73.6,-4.3,-0.3,39.71,25.24,0.0,0.01,0.5,92.8,88.3,8.3,1.8,1.0,1.3,0,0.05,371,true,4
4912,André Silva,365,Portugal,POR,CF,1160.8,4.0,37.1,5.0,49.3,-12.2,-1.0,26.22,25.85,0.0,0.0,0.0,11.0,90.9,3.0,0.0,1.0,0.0,0,0.0,11,true,1
8330,Mario Pasalic,371,Croatia,CRO,CAM,1651.0,6.6,61.2,3.9,36.9,24.3,2.7,32.93,23.69,0.14,0.14,0.6,13.3,83.6,7.6,0.1,0.7,0.4,2,1.9,186,true,14
3868,Ángel Di María,364,Argentina,ARG,RM,2363.9,7.5,65.5,2.3,23.3,42.1,5.3,40.2,22.52,0.25,0.13,1.8,37.5,78.2,8.5,6.0,7.0,0.5,3,1.6,450,true,12
4590,Exequiel Palacios,364,Argentina,ARG,CM,737.5,3.0,25.9,1.3,9.8,16.1,1.7,22.23,21.6,0.0,0.02,0.3,9.3,86.0,5.3,0.0,0.0,0.7,0,0.05,28,true,3
14025,Youssef Msakni,378,Tunisia,TUN,LW,3626.9,9.5,97.1,9.0,90.9,6.1,0.5,29.63,24.67,0.0,0.32,4.5,35.0,72.5,10.5,1.5,2.5,0.5,0,0.64,70,true,2
195,Richarlison,361,Brazil,BRA,CF,3357.2,10.0,99.7,10.3,100.9,-1.2,-0.3,32.0,25.05,0.75,0.4,2.0,13.5,67.0,14.8,0.8,1.8,0.3,3,1.62,54,true,4
12561,Sergej Milinković-Savić,375,Serbia,SRB,LW,3613.1,10.3,92.3,2.3,23.9,68.4,8.0,32.69,21.94,0.33,0.07,1.0,40.0,75.2,11.3,0.3,1.0,1.0,2,0.4,240,true,6
4779,Nico Schlotterbeck,368,Germany,GER,LCB,2105.5,3.0,35.0,4.5,47.1,-12.1,-1.5,30.14,26.46,0.0,0.0,0.0,61.5,83.3,4.5,0.0,1.0,1.0,0,0.0,123,true,2
395,Pierre-Emile Höjbjerg,367,Denmark,DEN,CM,4266.2,9.0,91.8,8.3,85.8,6.0,0.7,42.27,24.71,0.0,0.01,0.7,74.7,89.3,9.3,0.3,0.7,0.7,0,0.02,224,true,3
84,Steven Bergwijn,366,Netherlands,NED,CF,2020.2,5.5,52.5,3.0,32.8,19.7,2.5,28.62,23.02,0.0,0.08,0.5,17.8,91.7,5.0,0.3,1.0,0.0,0,0.68,142,true,8
4908,Dani Olmo,52,Spain,ESP,LW,3491.7,3.0,39.7,8.3,93.6,-53.9,-5.3,45.0,30.45,,,,,,,,,,,,,false,4
5009,Wout Weghorst,366,Netherlands,NED,CF,422.8,2.0,16.5,0.0,1.1,15.5,2.0,22.35,19.28,0.75,0.26,0.8,4.0,51.1,7.5,0.0,0.0,0.0,3,1.05,16,true,4
2110,Roberto Alvarado,58,Mexico,MEX,RW,836.6,10.0,73.9,0.0,0.0,73.9,10.0,17.88,17.75,0.0,0.0,0.0,11.0,45.5,7.0,1.0,1.0,0.0,0,0.0,11,true,1
3934,Karl Toko Ekambi,379,Cameroon,CMR,LW,2170.2,3.3,40.1,7.3,77.8,-37.7,-4.0,36.47,29.29,0.0,0.06,0.7,17.3,76.9,7.0,0.3,0.7,0.7,0,0.18,52,true,3
13819,Mitchell Duke,386,Australia,AUS,CF,3100.0,6.0,62.4,6.3,66.2,-3.9,-0.3,40.22,25.21,0.25,0.06,1.8,17.0,56.1,14.8,0.0,0.5,0.5,1,0.26,68,true,4
9,Aymeric Laporte,52,Spain,ESP,LCB,3996.6,9.3,91.1,6.7,65.0,26.1,2.7,41.63,23.71,0.0,0.01,0.3,143.0,93.7,3.7,0.0,0.3,1.3,0,0.04,429,true,3
2144,Iliman Ndiaye,372,Senegal,SEN,CAM,1607.7,5.7,52.5,3.0,32.6,19.8,2.7,30.43,23.95,0.0,0.02,0.7,11.7,82.6,9.0,1.0,3.0,0.3,0,0.15,70,true,6
4758,Ellyes Skhiri,378,Tunisia,TUN,CM,4529.6,9.0,91.7,7.3,74.8,16.9,1.7,36.56,24.17,,,,,,,,,,,,,false,3
1697,Rodrygo,361,Brazil,BRA,RW,1368.8,4.6,42.9,3.6,38.1,4.7,1.0,37.48,24.59,0.0,0.25,1.4,22.4,78.9,7.6,1.4,1.6,0.6,0,2.49,224,true,10
14006,Ali Al-Hassan,382,Saudi Arabia,KSA,CDM,2176.0,12.0,97.4,3.0,29.6,67.8,9.0,21.9,21.18,0.0,0.1,1.0,8.0,50.0,7.0,0.0,0.0,1.0,0,0.2,16,true,2
4677,Jude Bellingham,50,England,ENG,CM,3438.0,10.0,90.7,4.4,42.6,48.1,5.6,30.33,22.92,0.2,0.17,1.0,55.0,87.2,14.0,1.2,2.2,0.8,1,0.84,275,true,5
8561,Mehdi Taremi,373,Iran,IRN,CF,4015.7,11.7,113.6,11.3,113.0,0.7,0.3,28.36,24.98,0.67,0.46,2.0,27.3,74.5,21.3,0.0,1.7,0.7,4,2.76,164,true,6
4669,Thomas Meunier,362,Belgium,BEL,RB,2880.1,5.7,57.7,5.7,57.6,0.1,0.0,45.0,24.97,0.0,0.04,1.0,47.3,75.4,8.0,1.0,0.7,2.0,0,0.12,142,true,3
3890,Youssouf Fofana,363,France,FRA,CM,1528.9,5.0,45.1,2.3,22.2,22.9,2.7,43.53,21.93,0.0,0.03,0.7,18.7,88.9,10.8,0.2,0.3,0.5,0,0.17,112,true,6
4142,Dylan Bronn,378,Tunisia,TUN,RCB,3281.0,2.5,31.3,3.5,39.1,-7.8,-1.0,45.0,27.09,,,,,,,,,,,,,false,2
1877,Guido Rodríguez,364,Argentina,ARG,CDM,1882.7,6.0,62.3,6.0,56.6,5.7,0.0,24.51,23.91,0.0,0.0,0.0,62.0,87.1,6.0,0.0,0.0,0.0,0,0.0,124,true,2
12154,Famara Diedhiou,372,Senegal,SEN,CF,1754.7,13.5,98.0,0.0,0.0,98.0,13.5,19.68,18.76,0.5,0.12,1.5,7.0,73.4,9.0,0.0,0.0,0.0,1,0.24,14,true,2
802,Jesús Ferreira,51,United States,USA,CF,2038.6,12.0,97.4,3.0,28.4,69.0,9.0,21.48,21.24,0.0,0.0,0.0,20.0,85.0,7.0,0.0,0.0,0.0,0,0.0,20,true,1
12022,Andreas Cornelius,367,Denmark,DEN,CF,1400.1,4.3,37.2,2.0,16.5,20.7,2.3,25.95,23.21,0.0,0.27,1.7,10.7,67.7,6.0,0.7,0.3,0.0,0,0.8,32,true,3
8027,Noussair Mazraoui,374,Morocco,MAR,LB,2711.7,1.6,26.6,7.4,81.2,-54.7,-5.8,45.0,31.02,0.0,0.03,0.8,24.2,85.0,8.8,0.4,0.4,0.2,0,0.3,242,true,10
13980,Saeid Ezatolahi,373,Iran,IRN,CDM,3266.5,6.3,59.9,3.0,31.1,28.7,3.3,33.89,22.7,0.0,0.02,1.0,31.0,81.3,12.7,1.0,0.0,0.3,0,0.12,186,true,6
8324,Joakim Maehle,367,Denmark,DEN,LWB,3662.3,2.3,34.3,17.0,185.4,-151.1,-14.7,45.0,37.2,0.0,0.01,0.7,48.3,82.9,10.3,1.0,2.0,1.0,0,0.09,290,true,6
8129,Marcelo Brozovic,371,Croatia,CRO,CM,4412.9,5.7,62.4,7.2,74.6,-12.3,-1.5,37.64,26.24,0.17,0.23,0.8,88.2,89.5,16.0,0.3,1.3,1.7,2,2.74,1058,true,12
1377,Kieran Trippier,50,England,ENG,RB,2819.7,7.3,70.6,5.7,57.9,12.7,1.7,33.32,24.43,0.0,0.01,0.3,65.0,89.1,9.3,1.0,0.3,0.3,0,0.04,195,true,3
13916,Chul Hong,377,South Korea,KOR,LB,1830.5,9.0,84.6,7.0,68.5,16.1,2.0,30.65,24.51,0.0,0.0,0.0,20.0,85.0,7.0,2.0,0.0,1.0,0,0.0,20,true,1
916,Walker Zimmerman,51,United States,USA,RCB,2965.9,3.0,38.9,4.8,53.7,-14.7,-1.8,45.0,27.1,0.0,0.01,0.3,58.3,84.9,4.3,0.0,0.0,1.3,0,0.06,233,true,4
8034,Steven Berghuis,366,Netherlands,NED,CM,1777.8,2.8,28.5,2.0,21.4,7.1,0.8,34.33,23.97,0.0,0.24,1.5,32.0,72.5,7.8,2.3,1.3,0.0,0,1.95,256,true,8
11,Nicolás Otamendi,364,Argentina,ARG,LCB,3460.9,7.7,77.4,5.6,58.7,18.7,2.1,45.0,23.88,0.0,0.01,0.1,80.7,93.5,7.7,0.1,0.0,1.4,0,0.14,1695,true,21
136,Marcus Rashford,50,England,ENG,LW,1170.2,3.8,37.9,3.8,36.8,1.2,0.0,33.32,24.87,0.6,0.28,2.2,13.4,82.6,3.4,0.4,2.0,0.2,3,1.38,67,true,5
649,Francisco Calvo,385,Costa Rica,CRC,LCB,3479.5,9.0,84.4,4.0,41.1,43.3,5.0,30.6,22.5,0.0,0.01,0.5,50.5,79.3,12.0,0.0,2.0,2.0,0,0.01,101,true,2
158,Mattéo Guendouzi,363,France,FRA,CM,2871.2,5.0,53.3,9.0,89.3,-36.0,-4.0,29.42,27.12,0.0,0.0,0.0,32.0,87.5,2.0,1.0,1.0,0.0,0,0.0,64,true,2
13371,Bryan Oviedo,385,Costa Rica,CRC,LB,3325.1,8.3,79.8,6.7,66.4,13.4,1.7,32.78,24.47,0.0,0.0,0.0,29.7,76.0,8.3,0.7,0.0,1.3,0,0.0,178,true,6
4732,Djibril Sow,370,Switzerland,SUI,CAM,3150.8,6.0,54.7,2.5,27.4,27.3,3.5,42.99,23.28,0.0,0.04,0.5,24.3,91.3,10.5,0.3,0.3,0.5,0,0.3,194,true,8
1550,Nemanja Maksimovic,375,Serbia,SRB,CDM,2037.3,7.7,75.3,7.3,71.8,3.5,0.3,29.14,24.84,0.0,0.0,0.0,19.0,88.5,5.3,0.0,0.0,0.7,0,0.0,114,true,6
4316,Enzo Ebosse,379,Cameroon,CMR,LB,3048.9,3.0,38.9,11.0,122.9,-84.0,-8.0,39.42,35.31,0.0,0.0,0.0,39.0,87.2,16.0,0.0,0.0,0.0,0,0.0,78,true,2
4174,Jean-Charles Castelletto,379,Cameroon,CMR,RCB,3452.3,5.0,50.9,5.5,53.3,-2.5,-0.5,32.88,25.19,0.5,0.45,0.5,39.0,79.7,10.0,1.5,0.5,3.0,1,0.9,78,true,2
2443,Moon-hwan Kim,377,South Korea,KOR,RB,3655.5,4.3,55.5,13.5,147.8,-92.3,-9.3,45.0,30.23,0.0,0.0,0.0,60.5,84.7,10.0,3.0,0.8,2.3,0,0.0,242,true,4
8031,Mohammed Kudus,383,Ghana,GHA,CM,3027.1,6.7,67.6,6.0,60.2,7.4,0.7,30.93,24.59,0.67,0.22,2.7,27.3,74.5,16.7,0.7,5.0,0.3,6,1.98,246,true,9
8133,Matias Vecino,369,Uruguay,URU,CM,3084.5,9.7,88.2,5.7,53.1,35.1,4.0,33.8,23.49,0.0,0.02,0.3,34.3,76.6,13.7,0.3,0.7,1.7,0,0.05,103,true,3
3315,Vincent Janssen,366,Netherlands,NED,CF,1637.2,1.5,19.6,4.0,38.6,-19.0,-2.5,29.41,27.21,0.0,0.08,1.0,10.0,81.3,8.5,0.0,0.5,0.0,0,0.16,20,true,2
13873,Pierre Kunde,379,Cameroon,CMR,CM,2378.4,3.0,41.6,9.0,98.8,-57.2,-6.0,34.96,31.53,0.0,0.09,2.5,25.5,76.7,10.0,0.5,0.0,1.5,0,0.19,51,true,2
4673,Thomas Delaney,367,Denmark,DEN,CM,2012.7,4.0,38.4,5.0,51.3,-12.9,-1.0,29.99,26.87,0.0,0.0,0.0,31.0,83.9,11.0,1.0,0.0,0.0,0,0.0,31,true,1
13922,Woo-young Jung,377,South Korea,KOR,CM,3422.5,4.5,51.7,9.3,96.1,-44.3,-4.8,38.69,28.16,0.0,0.0,0.3,52.0,86.3,11.8,0.3,0.0,1.5,0,0.01,208,true,4
1665,Ante Budimir,371,Croatia,CRO,CF,1988.4,9.0,91.5,10.0,100.8,-9.3,-1.0,26.41,25.65,0.0,0.1,1.0,6.0,66.7,9.0,0.0,0.0,0.0,0,0.1,6,true,1
308,Harry Wilson,384,Wales,WAL,CM,2388.4,4.3,49.6,6.0,63.3,-13.7,-1.7,34.11,26.13,0.0,0.02,0.7,20.7,79.4,5.3,1.3,0.0,0.3,0,0.12,124,true,6
8564,Pepe,365,Portugal,POR,RCB,3125.4,8.0,75.6,3.8,39.7,35.9,4.3,32.93,23.06,0.25,0.08,0.8,73.8,84.2,4.5,0.5,0.3,0.8,1,0.33,295,true,4
1931,Ethan Ampadu,384,Wales,WAL,CM,3855.5,9.0,78.9,5.3,47.6,31.3,3.7,24.58,22.8,0.0,0.0,0.3,48.0,75.7,7.7,0.3,1.3,1.7,0,0.01,144,true,3
1830,Kang-in Lee,377,South Korea,KOR,CAM,1555.7,3.5,32.0,1.8,16.1,15.9,1.8,27.53,22.6,0.0,0.03,1.3,19.3,82.6,8.5,1.0,0.3,0.0,0,0.24,154,true,8
9963,Niclas Fullkrug,368,Germany,GER,CF,943.9,1.3,13.2,1.3,14.1,-1.0,0.0,27.2,25.63,0.67,0.56,2.7,8.3,67.8,1.3,0.0,0.3,0.0,2,1.69,25,true,3
265,Declan Rice,50,England,ENG,CM,3831.5,16.2,132.9,2.8,27.8,105.1,13.4,41.84,21.04,0.0,0.0,0.0,65.4,93.4,7.6,0.6,0.6,2.4,0,0.0,327,true,5
5006,Renato Steffen,370,Switzerland,SUI,LW,1284.6,3.0,32.1,3.0,36.3,-4.2,0.0,30.28,29.81,0.0,0.0,0.0,13.0,92.3,1.0,0.0,1.0,1.0,0,0.0,13,true,1
1363,Inaki Williams,383,Ghana,GHA,CF,3216.2,5.7,64.9,9.3,96.2,-31.2,-3.7,29.85,27.36,0.0,0.04,0.7,14.7,74.4,10.7,0.3,1.3,0.0,0,0.25,88,true,6
1957,Marko Grujic,375,Serbia,SRB,CM,788.7,10.0,66.9,0.0,0.0,66.9,10.0,18.53,17.69,0.0,0.03,1.0,17.0,82.4,5.0,0.0,1.0,0.0,0,0.03,17,true,1
1340,Shaq Moore,51,United States,USA,RB,738.1,1.5,12.2,1.5,16.2,-4.0,0.0,26.97,26.27,0.0,0.0,0.0,10.5,57.2,5.5,0.5,0.0,0.0,0,0.0,21,true,2
13953,Karim Boudiaf,360,Qatar,QAT,CM,2752.2,5.7,56.6,3.3,35.9,20.7,2.3,41.08,23.35,0.0,0.0,0.0,35.7,88.5,9.7,0.0,0.7,0.0,0,0.0,214,true,6
4892,Josko Gvardiol,371,Croatia,CRO,LCB,3670.8,8.7,83.8,7.0,71.9,12.0,1.7,35.71,24.42,0.14,0.03,0.3,72.9,91.2,11.0,0.1,0.3,2.0,1,0.19,510,true,7
11094,Cody Gakpo,366,Netherlands,NED,CAM,3406.5,8.8,89.4,10.0,100.8,-11.4,-1.2,30.11,25.48,0.6,0.11,1.0,30.8,63.1,10.4,2.2,2.6,1.8,6,1.12,308,true,10
9918,Mario Götze,368,Germany,GER,CAM,905.7,6.5,54.7,1.0,8.0,46.7,5.5,21.16,20.89,0.0,0.03,0.5,8.0,90.0,8.0,1.0,1.5,0.0,0,0.07,16,true,2
1532,Ousmane Dembele,363,France,FRA,RW,2351.0,2.9,37.0,7.6,79.1,-42.1,-4.7,45.0,27.98,0.0,0.05,1.1,27.3,76.7,12.9,2.9,2.6,0.4,0,0.36,191,true,7
13978,Ramin Rezaeian,373,Iran,IRN,RB,3886.2,6.5,74.2,11.0,116.3,-42.1,-4.5,39.16,27.97,0.5,0.12,1.0,52.5,67.7,14.5,5.5,1.5,2.5,1,0.23,105,true,2
12643,Darko Lazović,375,Serbia,SRB,LM,1309.6,7.0,69.4,6.0,64.6,4.8,1.0,24.85,24.53,0.0,0.02,1.0,11.0,63.6,1.0,0.0,0.0,0.0,0,0.02,11,true,1
13226,German Pezzella,364,Argentina,ARG,RCB,490.1,2.7,20.9,0.3,3.3,17.6,2.3,20.61,20.37,0.0,0.02,0.3,16.3,97.8,0.7,0.0,0.0,0.0,0,0.05,49,true,3
13800,Ayase Ueda,57,Japan,JPN,CF,1912.0,9.0,68.2,1.0,7.1,61.1,8.0,21.19,20.02,0.0,0.0,0.0,11.0,63.6,16.0,0.0,0.0,0.0,0,0.0,11,true,1
8059,Dušan Vlahović,375,Serbia,SRB,CF,1627.7,7.5,66.4,3.0,30.4,36.1,4.5,25.96,22.24,0.5,0.38,1.5,6.5,55.0,3.5,0.0,0.5,0.0,1,0.76,13,true,2
9290,Bailey Wright,386,Australia,AUS,RCB,1028.1,5.0,44.7,1.0,7.4,37.3,4.0,21.25,20.83,0.0,0.0,0.0,4.0,25.0,1.0,0.0,0.0,0.0,0,0.0,4,true,1
13021,Abde Ezzalzouli,374,Morocco,MAR,LW,1329.1,3.0,30.3,2.3,24.6,5.7,0.7,42.15,24.52,0.0,0.02,0.3,5.3,56.7,11.7,0.3,0.7,1.0,0,0.06,16,true,3
13971,Ehsan Hajsafi,373,Iran,IRN,LW,3401.5,5.3,54.7,6.3,62.0,-7.3,-1.0,31.18,25.49,0.0,0.02,0.3,33.0,64.0,12.0,2.7,0.7,0.7,0,0.14,198,true,6
1545,Mathí­as Olivera,369,Uruguay,URU,LB,3185.5,3.0,41.5,6.7,74.1,-32.5,-3.7,45.0,28.38,0.0,0.03,0.7,44.3,81.3,15.0,2.0,0.7,1.3,0,0.16,266,true,6
4053,Kasper Dolberg,367,Denmark,DEN,CF,1823.3,5.0,44.1,1.3,15.5,28.5,3.7,29.75,22.01,0.0,0.17,1.3,6.0,97.0,8.0,0.3,1.3,0.0,0,0.51,18,true,3
1184,Jordan Morris,51,United States,USA,LW,352.8,1.5,12.7,1.0,10.1,2.7,0.5,24.1,23.17,0.0,0.0,0.0,2.0,33.4,0.5,0.0,0.0,0.0,0,0.0,4,true,2
3519,Michael Estrada,381,Ecuador,ECU,CF,2709.4,2.0,28.5,5.0,57.1,-28.6,-3.0,37.48,30.65,0.0,0.08,1.0,14.3,64.8,12.0,0.0,0.7,0.0,0,0.25,43,true,3
1698,Gareth Bale,384,Wales,WAL,CF,3071.5,6.3,57.6,3.3,37.5,20.1,3.0,32.56,23.31,0.33,0.27,0.7,18.3,50.7,5.7,0.7,1.0,0.3,2,1.61,110,true,6
4498,Amadou Onana,362,Belgium,BEL,CDM,2186.8,1.5,22.6,3.0,33.2,-10.5,-1.5,35.88,29.59,0.0,0.15,1.0,31.5,90.4,9.0,0.0,0.5,0.0,0,0.58,126,true,4
1393,Joao Felix,365,Portugal,POR,LW,3152.1,5.8,61.0,9.8,97.9,-36.9,-4.0,30.68,27.19,0.25,0.17,2.8,30.5,75.9,8.3,1.0,2.3,0.3,2,1.34,244,true,8
14002,Hattan Bahebri,382,Saudi Arabia,KSA,RW,205.1,4.0,30.4,0.5,5.0,25.4,3.5,20.37,20.32,,,,,,,,,,,,,false,2
1536,Martin Braithwaite,367,Denmark,DEN,CF,2249.5,6.5,64.7,6.5,66.8,-2.1,0.0,28.84,25.26,0.0,0.12,0.5,9.5,63.1,7.5,0.0,1.5,0.0,0,0.24,19,true,2
13830,Pedro,361,Brazil,BRA,CF,766.5,5.0,44.0,3.5,32.7,11.4,1.5,23.6,23.43,0.5,0.61,2.5,7.5,81.3,4.5,0.0,0.5,0.5,1,1.21,15,true,2
483,Jordan Ayew,383,Ghana,GHA,CF,1786.5,8.0,73.5,3.3,32.1,41.4,4.7,41.31,22.45,0.0,0.02,0.3,14.7,77.2,11.7,0.7,2.3,0.3,0,0.14,88,true,6
13109,Awer Mabil,386,Australia,AUS,LW,838.0,3.0,32.0,4.5,44.3,-12.3,-1.5,27.35,26.52,0.0,0.0,0.0,7.0,84.6,2.5,0.0,0.5,0.5,0,0.0,14,true,2
17,João Cancelo,365,Portugal,POR,RB,2868.2,4.0,52.1,11.3,123.3,-71.2,-7.3,45.0,31.16,0.0,0.01,0.5,67.3,82.9,5.0,2.5,3.0,0.8,0,0.11,538,true,8
1529,Ansu Fati,52,Spain,ESP,LW,1144.9,3.5,34.9,3.0,33.8,1.1,0.5,32.95,24.51,0.0,0.0,0.0,14.0,86.3,1.5,0.0,1.0,0.0,0,0.0,28,true,2
12766,Bartosz Bereszynski,376,Poland,POL,LB,3091.2,2.8,38.9,8.0,85.0,-46.1,-5.3,41.47,29.06,0.0,0.0,0.0,37.5,80.4,9.5,1.0,1.8,1.0,0,0.0,150,true,4
8025,Nicolas Tagliafico,364,Argentina,ARG,LB,2134.6,8.3,73.6,2.7,27.3,46.2,5.7,32.47,22.4,0.0,0.15,0.5,30.3,84.3,9.3,0.3,0.5,0.7,0,0.91,182,true,6
13796,Miki Yamane,57,Japan,JPN,RB,2161.7,2.0,32.7,3.0,44.9,-12.2,-1.0,45.0,42.69,0.0,0.0,0.0,33.0,75.8,8.0,1.0,1.0,1.0,0,0.0,33,true,1
4684,Thorgan Hazard,362,Belgium,BEL,LW,2167.3,5.5,52.5,2.5,26.9,25.6,3.0,25.6,22.82,0.0,0.0,0.0,29.5,81.3,15.5,1.5,0.5,0.0,0,0.0,59,true,2
1896,Matty Cash,376,Poland,POL,RB,3442.5,3.0,37.4,7.5,80.6,-43.2,-4.5,45.0,28.55,0.0,0.01,0.3,39.0,77.3,10.3,1.8,0.3,0.5,0,0.02,156,true,4
1535,Luis Suarez,369,Uruguay,URU,CF,1863.7,8.3,71.5,2.3,21.2,50.2,6.0,24.08,21.38,0.0,0.12,0.7,13.3,65.1,4.7,0.0,0.7,0.0,0,0.36,40,true,3
9980,Daniel-Kofi Kyereh,383,Ghana,GHA,CAM,872.6,4.7,39.8,1.3,11.6,28.3,3.3,22.45,21.62,0.0,0.0,0.0,8.0,75.9,2.7,0.0,0.7,0.0,0,0.0,24,true,3
3978,Pape Gueye,372,Senegal,SEN,CDM,2344.1,13.3,107.1,1.0,10.6,96.5,12.3,33.7,20.7,0.0,0.03,1.3,20.3,74.5,7.3,0.7,0.7,0.3,0,0.19,122,true,6
1696,Marco Asensio,52,Spain,ESP,CF,2515.6,1.5,20.9,3.8,42.8,-21.8,-2.3,45.0,28.17,,,,,,,,,,,,,false,8
13850,Grzegorz Krychowiak,376,Poland,POL,CDM,3391.2,5.5,54.9,4.8,50.1,4.8,0.8,36.05,24.45,0.0,0.01,0.3,31.8,75.7,12.3,0.3,0.3,1.8,0,0.04,254,true,8
8342,Memphis Depay,366,Netherlands,NED,CF,2375.0,3.4,40.9,7.8,81.9,-41.0,-4.4,37.49,27.94,0.2,0.24,2.0,25.4,76.9,9.0,0.4,2.6,0.2,1,1.18,127,true,5
1380,Thomas Partey,383,Ghana,GHA,CM,3926.6,9.0,86.5,5.3,56.1,30.5,3.7,45.0,23.92,0.0,0.08,0.7,60.3,85.2,13.3,0.0,1.7,1.0,0,0.24,181,true,3
12315,Sam Adekugbe,380,Canada,CAN,LB,1376.9,3.7,39.3,4.0,41.4,-2.2,-0.3,33.31,25.22,0.0,0.0,0.0,24.0,86.4,5.7,1.0,0.3,0.0,0,0.0,72,true,3
8058,Paulo Dybala,364,Argentina,ARG,CF,490.7,1.0,7.2,0.5,3.1,4.2,0.5,22.88,21.77,0.5,0.39,0.5,6.5,56.7,4.0,0.0,0.5,0.0,1,0.78,13,true,2
6967,Riley McGree,386,Australia,AUS,CM,3195.4,2.8,35.0,6.5,68.2,-33.3,-3.8,45.0,27.65,0.0,0.02,0.8,18.3,78.4,12.8,1.0,0.3,1.5,0,0.24,219,true,12
13984,Karim Ansarifard,373,Iran,IRN,CF,1025.6,0.5,10.0,1.0,12.0,-2.1,-0.5,34.27,32.4,0.0,0.03,0.5,3.0,87.5,2.0,0.5,0.0,0.5,0,0.06,6,true,2
1938,Hakim Ziyech,374,Morocco,MAR,RW,3227.2,8.1,84.1,9.1,95.0,-10.9,-1.0,37.91,25.65,0.29,0.16,1.6,42.9,68.4,19.6,2.6,4.3,2.0,2,1.1,300,true,7
1593,Óscar Duarte,385,Costa Rica,CRC,RCB,3429.7,8.3,76.5,5.3,52.6,23.9,3.0,27.72,23.16,0.0,0.0,0.0,32.3,66.8,9.0,0.0,0.0,1.3,0,0.0,97,true,3
5035,Edimilson Fernandes,370,Switzerland,SUI,CM,2014.4,3.0,33.0,3.7,37.2,-4.2,-0.7,45.0,25.4,0.0,0.01,0.3,27.0,83.5,4.7,1.0,0.7,0.3,0,0.06,162,true,6
13798,Yuto Nagatomo,57,Japan,JPN,LB,2081.3,4.0,40.9,3.0,30.8,10.1,1.0,37.38,23.3,0.0,0.0,0.0,27.0,70.7,7.3,1.8,1.0,0.8,0,0.0,216,true,8
926,Alistair Johnston,380,Canada,CAN,RCB,3739.7,2.7,40.5,11.3,124.4,-83.8,-8.7,45.0,32.78,0.0,0.22,0.7,62.3,83.3,12.7,1.3,0.0,0.7,0,1.35,374,true,6
474,Cheikhou Kouyaté,372,Senegal,SEN,CM,2806.6,12.0,111.0,6.0,54.3,56.7,6.0,23.93,23.37,0.0,0.0,0.0,26.0,80.8,10.0,1.0,1.0,1.0,0,0.0,26,true,1
2090,Hiroki Sakai,57,Japan,JPN,RB,2565.0,7.0,77.5,9.0,90.6,-13.1,-2.0,38.54,26.2,0.0,0.14,0.5,23.0,67.2,7.0,1.5,1.0,0.5,0,0.29,46,true,2
13928,Agustin Canobbio,369,Uruguay,URU,RW,828.8,8.0,73.1,7.0,68.9,4.2,1.0,24.77,24.67,0.0,0.0,0.0,7.0,71.4,4.0,0.0,0.0,0.0,0,0.0,7,true,1
10,John Stones,50,England,ENG,RCB,3214.7,5.6,54.4,3.8,39.4,15.0,1.8,29.41,23.9,0.0,0.12,0.8,90.0,95.5,2.8,0.0,0.2,0.4,0,0.59,450,true,5
13950,Musab Khoder,360,Qatar,QAT,RB,415.9,7.0,54.5,0.0,0.0,54.5,7.0,18.85,18.68,,,,,,,,,,,,,false,1
13815,Mathew Leckie,386,Australia,AUS,RM,3598.5,6.8,75.2,9.0,96.0,-20.8,-2.3,45.0,26.19,0.25,0.03,0.3,25.8,66.6,17.0,0.5,3.5,0.5,1,0.11,103,true,4
1907,Vitinha,365,Portugal,POR,CM,1828.8,8.3,64.8,0.7,6.1,58.7,7.7,22.03,20.05,0.0,0.02,0.7,36.3,90.9,5.7,0.3,0.3,0.0,0,0.05,109,true,3
252,Raúl Jiménez,58,Mexico,MEX,CF,884.0,2.7,25.5,2.3,20.2,5.2,0.3,25.76,23.33,0.0,0.0,0.0,10.7,59.8,0.3,1.0,0.0,0.3,0,0.0,32,true,3
3367,Henry Martín,58,Mexico,MEX,CF,2705.1,2.5,26.5,3.5,37.0,-10.5,-1.0,30.84,25.57,0.5,0.33,2.0,11.0,68.4,12.5,0.0,0.0,1.0,1,0.67,22,true,2
3930,Lucas Paquetá,361,Brazil,BRA,CM,3144.5,9.8,88.7,4.8,43.6,45.1,5.0,25.97,22.62,0.25,0.18,1.0,50.5,84.2,14.8,0.5,0.8,0.5,2,1.41,404,true,8
157,Granit Xhaka,370,Switzerland,SUI,CM,4184.0,8.3,83.7,8.0,82.7,1.1,0.3,43.66,24.92,0.0,0.07,1.5,60.0,88.1,7.5,0.0,0.3,1.0,0,0.59,480,true,8
12779,Mikkel Damsgaard,367,Denmark,DEN,LW,2289.8,2.0,28.2,7.0,79.1,-51.0,-5.0,39.17,31.42,0.0,0.0,0.0,23.7,81.2,10.3,0.7,0.0,0.7,0,0.0,71,true,3
7192,Antoine Semenyo,383,Ghana,GHA,CF,735.4,2.5,28.3,6.0,57.2,-28.9,-3.5,27.55,27.2,0.0,0.06,0.5,1.5,16.7,4.5,0.0,0.0,0.0,0,0.12,3,true,2
3263,Hannibal Mejbri,378,Tunisia,TUN,CAM,786.8,8.0,74.5,7.0,63.0,11.5,1.0,23.96,23.92,0.0,0.0,0.0,2.0,100.0,1.0,0.0,0.0,1.0,0,0.0,2,true,1
4566,Rubén Vargas,370,Switzerland,SUI,LW,2864.6,5.0,55.6,8.8,93.6,-38.0,-3.8,39.09,27.62,0.0,0.07,0.8,28.5,70.7,8.3,2.3,0.5,0.3,0,0.59,228,true,8
13945,Boualem Khoukhi,360,Qatar,QAT,UNK,3330.1,2.7,33.8,3.7,46.5,-12.7,-1.0,45.0,26.63,0.0,0.0,0.0,64.7,85.8,5.7,0.3,0.3,1.0,0,0.0,194,true,3
1683,Casemiro,361,Brazil,BRA,CM,4088.9,5.5,55.4,3.0,35.7,19.8,2.5,45.0,23.36,0.5,0.29,2.5,64.5,83.9,13.5,0.5,0.5,1.5,4,2.29,516,true,8
4897,Lukas Klostermann,368,Germany,GER,RCB,1560.7,5.0,44.4,3.0,31.8,12.6,2.0,24.27,23.35,0.0,0.0,0.0,23.5,94.5,6.0,0.0,0.0,0.5,0,0.0,47,true,2
4231,Alexander Djiku,383,Ghana,GHA,UNK,1822.9,6.5,54.3,1.0,9.7,44.7,5.5,34.15,20.42,0.0,0.0,0.0,13.5,44.3,2.5,0.0,0.5,2.0,0,0.0,54,true,4
8551,Stephen Eustaquio,380,Canada,CAN,CM,3212.1,8.5,76.2,5.0,47.8,28.5,3.5,28.21,23.84,,,,,,,,,,,,,false,2
5968,Lovro Majer,371,Croatia,CRO,CAM,1027.5,4.5,39.0,1.7,16.1,23.0,2.8,27.21,22.41,0.17,0.13,0.5,13.5,72.2,3.3,0.8,0.5,0.3,2,1.59,162,true,12
8026,Daley Blind,366,Netherlands,NED,LWB,3171.6,5.0,53.0,6.0,62.2,-9.2,-1.0,38.2,25.84,0.2,0.1,1.0,60.8,83.5,16.6,1.6,0.4,1.0,1,0.52,304,true,5
2077,Edinson Cavani,369,Uruguay,URU,CF,1830.6,4.7,43.5,2.7,25.3,18.2,2.0,25.53,22.62,0.0,0.06,1.0,13.0,80.6,5.0,0.7,0.3,0.3,0,0.18,39,true,3
13811,Nathaniel Atkinson,386,Australia,AUS,RB,3458.3,10.0,109.5,10.0,106.4,3.1,0.0,45.0,24.78,0.0,0.0,0.0,37.0,81.1,9.0,0.0,1.0,1.0,0,0.0,37,true,1
4560,Carlos Gruezo,381,Ecuador,ECU,CDM,1679.7,4.0,39.2,3.0,26.3,12.9,1.0,24.59,23.06,0.0,0.0,0.0,14.0,92.9,8.0,0.0,0.0,0.0,0,0.0,28,true,2
13973,Hossein Kanaani,373,Iran,IRN,RCB,1922.3,10.0,85.4,3.0,29.1,56.3,7.0,22.89,21.38,,,,,,,,,,,,,false,1
6019,Nikola Vlasic,371,Croatia,CRO,RW,1265.2,2.2,23.2,2.7,27.1,-3.9,-0.5,34.03,25.66,0.33,0.37,1.2,9.2,77.7,5.7,0.2,0.7,0.0,4,4.39,110,true,12
5173,Ismael Kone,380,Canada,CAN,CM,1699.9,6.3,55.5,2.7,26.0,29.5,3.7,26.51,22.97,0.0,0.0,0.0,34.0,94.0,5.7,0.0,0.3,0.0,0,0.0,102,true,3
18,Rodri,52,Spain,ESP,RCB,4062.5,5.0,62.6,9.5,99.9,-37.3,-4.5,45.0,27.4,0.0,0.0,0.3,169.8,94.6,4.8,0.8,0.0,1.0,0,0.01,679,true,4
1829,Carlos Soler,52,Spain,ESP,CM,2127.1,4.5,45.7,3.0,32.8,12.9,1.5,26.68,23.47,0.5,0.64,2.5,42.0,92.6,4.5,0.5,1.0,0.0,1,1.27,84,true,2
6935,Joe Allen,384,Wales,WAL,CM,2048.8,14.0,109.6,0.0,2.4,107.3,14.0,20.54,19.65,0.0,0.03,1.0,18.0,81.5,5.0,0.0,0.0,0.5,0,0.06,36,true,2
4851,Krzysztof Piatek,376,Poland,POL,CF,792.1,3.5,27.9,0.5,3.6,24.3,3.0,23.98,21.1,0.0,0.01,0.5,3.0,50.0,7.0,0.0,0.0,0.0,0,0.03,6,true,2
4694,Matthias Ginter,368,Germany,GER,RCB,357.4,3.0,22.1,0.0,1.6,20.5,3.0,20.26,20.04,0.0,0.0,0.0,3.0,100.0,1.0,0.0,0.0,0.0,0,0.0,3,true,1
5074,Bryan Mbeumo,379,Cameroon,CMR,RW,2795.5,9.3,91.8,8.3,86.0,5.8,1.0,44.21,24.74,0.0,0.04,0.7,27.0,60.6,9.3,2.0,2.3,0.3,0,0.13,81,true,3
371,Jack Grealish,50,England,ENG,LW,794.5,0.8,9.2,1.6,15.5,-6.3,-0.8,30.46,27.41,0.2,0.13,0.2,11.2,68.1,3.6,0.0,0.4,0.4,1,0.63,56,true,5
8257,Harry Souttar,386,Australia,AUS,RCB,3896.0,3.5,46.2,7.3,76.4,-30.3,-3.8,45.0,27.68,0.0,0.02,0.3,40.8,80.3,7.0,0.0,0.0,0.8,0,0.07,163,true,4
8419,Gonzalo Montiel,364,Argentina,ARG,RB,1240.9,2.3,25.0,2.3,23.4,1.6,0.0,26.09,24.65,0.33,0.27,0.7,23.7,78.0,5.3,0.7,0.7,0.3,1,0.81,71,true,3
7478,Milos Degenek,386,Australia,AUS,RCB,2093.4,2.3,25.0,4.0,40.2,-15.2,-1.8,32.29,26.6,0.0,0.0,0.0,24.3,76.4,5.0,0.3,0.8,0.0,0,0.0,194,true,8
1406,Pervis Estupinan,381,Ecuador,ECU,LB,3205.1,7.0,75.8,8.3,89.1,-13.3,-1.3,45.0,25.75,0.0,0.09,0.7,62.3,77.9,12.0,3.3,2.7,1.7,0,0.54,374,true,6
3352,Jorge Sánchez,58,Mexico,MEX,RB,3393.8,2.0,31.8,15.0,158.6,-126.8,-13.0,43.96,33.29,0.0,0.0,0.5,43.0,84.0,7.5,0.5,2.0,2.5,0,0.01,86,true,2
10704,Kaoru Mitoma,57,Japan,JPN,LW,1686.1,4.3,42.0,3.3,34.2,7.8,1.0,35.5,24.47,0.0,0.21,0.5,18.3,74.7,12.0,0.8,1.0,0.5,0,0.84,73,true,4
8022,Jurrien Timber,366,Netherlands,NED,RCB,3430.4,8.8,86.9,11.3,113.8,-26.9,-2.5,37.76,25.8,0.0,0.0,0.0,79.0,89.0,18.3,0.0,1.3,1.3,0,0.0,316,true,4
13901,Pape Abou Cissé,372,Senegal,SEN,LCB,1282.0,2.3,22.9,2.3,23.8,-0.9,0.0,31.0,25.19,0.0,0.0,0.0,12.7,51.9,2.3,0.0,0.3,0.3,0,0.0,76,true,6
13919,Seung-ho Paik,377,South Korea,KOR,CM,1217.7,8.0,66.7,1.0,5.2,61.5,7.0,22.03,20.62,1.0,0.02,1.0,24.0,79.2,7.0,0.0,0.0,1.0,1,0.02,24,true,1
13929,Nicolas De La Cruz,369,Uruguay,URU,CM,1080.3,3.5,33.0,2.5,20.3,12.8,1.0,24.45,23.87,0.0,0.02,0.5,12.0,83.3,7.0,0.5,0.5,0.0,0,0.04,24,true,2
13997,Abdullah Madu,382,Saudi Arabia,KSA,LCB,1782.7,19.0,141.8,1.0,4.8,137.0,18.0,23.23,19.21,0.0,0.0,0.0,11.0,36.4,2.0,0.0,0.0,1.0,0,0.0,11,true,1
4695,Nico Elvedi,370,Switzerland,SUI,LCB,3509.7,4.5,54.7,4.5,50.5,4.2,0.0,45.0,24.6,0.0,0.1,0.5,70.5,93.7,7.5,0.0,0.0,1.5,0,0.38,282,true,4
8854,Jackson Irvine,386,Australia,AUS,CM,4640.2,10.0,98.5,8.8,90.7,7.9,1.3,36.57,24.75,0.0,0.08,0.8,32.3,83.3,17.0,0.5,0.5,1.8,0,0.66,258,true,8
13824,Kye Rowles,386,Australia,AUS,LCB,4097.2,6.0,64.5,8.8,87.9,-23.4,-2.8,43.74,26.12,0.0,0.0,0.0,48.8,83.5,8.8,0.0,0.0,1.3,0,0.0,195,true,4
13940,Kevin Rodriguez,381,Ecuador,ECU,CF,236.4,1.5,8.5,0.0,0.0,8.5,1.5,19.17,19.08,0.0,0.07,0.5,0.5,0.0,3.5,0.0,0.0,0.0,0,0.14,1,true,2
13216,Stefan Mitrović,375,Serbia,SRB,RCB,1515.5,15.0,128.1,4.0,36.7,91.4,11.0,21.99,21.86,0.0,0.0,0.0,19.0,89.5,4.0,0.0,0.0,0.0,0,0.0,19,true,1
13991,Mohammed Al-Burayk,382,Saudi Arabia,KSA,RB,1304.7,1.5,22.8,5.5,64.4,-41.7,-4.0,40.08,37.18,0.0,0.19,1.0,24.0,90.4,4.0,1.0,0.5,0.5,0,0.74,96,true,4
13872,Collins Fai,379,Cameroon,CMR,RB,3334.5,3.3,43.2,10.3,108.8,-65.6,-7.0,42.0,30.91,0.0,0.0,0.3,50.7,69.5,11.3,3.7,0.0,2.3,0,0.01,152,true,3
1702,Luka Jovic,375,Serbia,SRB,CF,1625.3,8.0,65.1,1.0,9.1,56.0,7.0,21.4,21.06,0.0,0.06,2.0,10.0,70.0,1.0,1.0,0.0,1.0,0,0.06,10,true,1
2087,Takehiro Tomiyasu,57,Japan,JPN,RB,2707.8,5.0,56.6,6.0,65.1,-8.5,-1.0,40.77,25.82,0.0,0.0,0.0,32.7,63.9,4.7,0.0,0.0,1.3,0,0.0,196,true,6
453,Alexis Mac Allister,364,Argentina,ARG,CAM,3504.6,6.0,65.1,8.0,86.1,-21.0,-2.0,40.89,26.49,0.17,0.08,1.2,45.2,89.2,11.7,0.3,1.0,0.7,3,1.5,813,true,18
4717,Breel Embolo,370,Switzerland,SUI,CF,2966.4,6.8,71.2,7.0,72.1,-0.9,-0.3,43.85,25.03,0.5,0.6,1.5,16.5,75.2,11.8,0.0,1.0,0.3,2,2.39,66,true,4
7649,Mohamed Drager,378,Tunisia,TUN,RWB,2684.4,10.0,92.5,4.5,51.7,40.9,5.5,45.0,22.86,0.0,0.15,2.0,25.5,67.1,10.0,0.5,2.0,1.5,0,0.61,102,true,4
11790,Steven Vitoria,380,Canada,CAN,UNK,3534.3,3.0,44.0,9.3,104.6,-60.6,-6.3,45.0,32.7,0.0,0.0,0.0,61.0,87.3,7.3,0.0,0.0,1.3,0,0.0,366,true,6
1960,Timothy Castagne,362,Belgium,BEL,RWB,3893.4,9.7,99.5,9.0,92.5,7.0,0.7,45.0,24.62,0.0,0.0,0.0,67.0,86.2,10.3,0.7,0.7,0.3,0,0.0,402,true,6
13856,Josip Sutalo,371,Croatia,CRO,RCB,2924.8,7.0,73.0,7.0,66.8,6.2,0.0,30.19,24.67,0.0,0.0,0.0,66.0,93.9,1.0,0.0,0.0,0.0,0,0.0,66,true,1
14030,Anis Slimane,378,Tunisia,TUN,RW,3134.8,10.0,95.2,7.0,70.8,24.4,3.0,36.64,24.28,0.0,0.05,0.5,24.5,71.4,10.5,1.0,0.5,0.5,0,0.2,98,true,4
7175,Sorba Thomas,384,Wales,WAL,RW,393.0,4.0,26.5,0.0,0.0,26.5,4.0,18.33,18.25,0.0,0.0,0.0,4.0,75.0,3.0,1.0,1.0,0.0,0,0.0,4,true,1
13911,Young-gwon Kim,377,South Korea,KOR,LCB,3186.7,4.0,45.7,5.0,56.3,-10.6,-1.0,45.0,26.29,0.25,0.17,0.5,52.5,84.9,4.0,0.3,0.0,1.3,1,0.69,210,true,4
13949,Tarek Salman,360,Qatar,QAT,RCB,494.5,10.0,66.3,0.0,0.0,66.3,10.0,16.28,16.23,0.0,0.0,0.0,11.0,63.6,1.0,1.0,0.0,1.0,0,0.0,11,true,1
4625,Robert Lewandowski,376,Poland,POL,CF,3445.1,6.0,63.2,6.8,69.7,-6.4,-0.8,33.23,25.59,0.5,0.78,3.0,22.8,70.6,9.8,0.8,2.5,0.8,2,3.13,91,true,4
4926,Borna Sosa,371,Croatia,CRO,LB,3119.5,5.2,56.7,6.8,70.3,-13.7,-1.6,37.59,25.66,0.0,0.01,0.4,55.2,79.1,9.4,3.6,1.4,0.8,0,0.05,276,true,5
7988,Boulaye Dia,372,Senegal,SEN,CF,3230.4,5.3,55.4,8.5,87.3,-31.9,-3.3,30.73,26.51,0.25,0.17,2.0,13.3,74.0,7.8,0.3,1.5,0.3,1,0.66,53,true,4
4624,Thomas Müller,368,Germany,GER,CAM,2965.3,10.3,93.1,4.7,44.3,48.8,5.7,33.41,22.62,0.0,0.09,1.0,24.0,72.8,17.0,1.7,0.0,0.3,0,0.54,144,true,6
1695,Vinícius Junior,361,Brazil,BRA,LW,2775.5,6.8,76.2,13.5,140.0,-63.8,-6.8,43.12,28.05,0.25,0.2,2.3,22.8,75.1,9.3,2.3,3.8,0.3,1,0.81,91,true,4
8328,Remo Freuler,370,Switzerland,SUI,CM,3798.6,6.3,64.7,4.8,49.8,14.9,1.5,45.0,23.89,0.25,0.14,0.8,37.3,80.3,15.0,0.3,1.0,1.5,1,0.54,149,true,4
13782,Anthony Contreras,385,Costa Rica,CRC,CF,1910.1,2.7,27.4,5.0,48.5,-21.0,-2.3,29.82,27.56,,,,,,,,,,,,,false,3
13956,Assim Madibo,360,Qatar,QAT,CDM,3415.1,2.0,27.4,3.5,37.3,-10.0,-1.5,33.7,28.31,0.0,0.0,0.0,35.5,86.4,24.5,0.0,0.0,1.5,0,0.0,142,true,4
13948,Bassam Al-Rawi,360,Qatar,QAT,RCB,3299.2,14.0,119.3,5.0,46.5,72.8,9.0,25.09,22.23,,,,,,,,,,,,,false,1
1812,Luuk de Jong,366,Netherlands,NED,CF,895.4,8.0,69.0,2.0,17.9,51.1,6.0,21.58,21.39,1.0,0.84,2.0,11.0,72.7,9.0,0.0,0.0,0.0,1,0.84,11,true,1
13982,Ahmad Nourollahi,373,Iran,IRN,CM,3181.5,8.0,80.2,8.0,80.5,-0.3,0.0,28.58,25.03,0.0,0.03,1.7,18.3,71.4,12.0,1.0,1.3,1.7,0,0.08,55,true,3
8079,Matheus Nunes,365,Portugal,POR,CM,1803.2,2.5,27.1,2.5,30.5,-3.4,0.0,32.49,28.71,0.0,0.0,0.5,16.5,86.2,3.5,1.5,0.5,0.0,0,0.01,33,true,2
100,Mateo Kovacic,371,Croatia,CRO,CM,3781.2,3.9,45.1,5.7,62.2,-17.2,-1.9,42.06,26.78,0.0,0.05,0.4,65.1,91.0,19.4,0.4,2.0,1.1,0,0.35,456,true,7
6020,Cristiano Ronaldo,365,Portugal,POR,CF,2208.5,8.8,81.7,5.8,57.2,24.5,3.0,29.34,23.42,0.2,0.39,2.2,18.0,72.9,4.2,0.6,0.6,0.0,1,1.94,90,true,5
8071,Sebastian Coates,369,Uruguay,URU,RCB,3182.0,6.5,67.8,5.5,55.8,12.1,1.0,45.0,24.11,0.0,0.05,0.5,48.5,80.6,2.5,0.0,0.0,0.0,0,0.21,194,true,4
9939,Jakub Kaminski,376,Poland,POL,RM,2286.7,3.3,34.1,5.0,51.4,-17.2,-1.8,36.31,27.09,0.0,0.07,1.0,14.8,58.3,9.0,1.3,1.5,0.3,0,0.52,118,true,8
107,Christian Pulisic,51,United States,USA,LW,3567.9,7.5,71.7,5.5,53.8,18.0,2.0,32.33,23.8,0.25,0.28,2.3,34.8,62.6,11.0,2.5,3.3,0.0,2,2.28,278,true,8
13995,Abdulelah Al-Amri,382,Saudi Arabia,KSA,RCB,2398.5,5.7,58.4,4.7,50.0,8.4,1.0,45.0,24.53,0.0,0.01,0.3,33.7,48.9,5.3,0.3,0.0,1.3,0,0.04,101,true,3
1287,José Cifuentes,381,Ecuador,ECU,CM,1273.2,8.0,65.3,1.0,12.2,53.1,7.0,22.53,21.12,0.0,0.01,0.5,21.5,73.1,7.5,0.5,0.5,0.0,0,0.03,43,true,2
13865,Badr Benoun,374,Morocco,MAR,RCB,722.5,2.7,19.6,0.7,4.8,14.8,2.0,20.58,20.2,0.0,0.26,0.3,7.0,33.3,2.0,0.0,0.0,0.3,0,0.78,21,true,3
12820,Jakub Kiwior,376,Poland,POL,LCB,3174.3,3.8,46.9,6.3,69.0,-22.1,-2.5,41.71,28.19,,,,,,,,,,,,,false,4
3888,Aurélien Tchouaméni,363,France,FRA,CM,3796.6,5.4,57.4,6.3,63.5,-6.1,-0.9,45.0,25.51,0.14,0.17,1.0,67.1,91.5,9.1,0.1,0.4,2.1,1,1.18,470,true,7
4703,Denis Zakaria,370,Switzerland,SUI,CDM,1428.6,2.5,23.5,1.5,15.0,8.5,1.0,25.82,23.95,0.0,0.02,0.5,11.0,86.8,2.5,0.0,1.0,2.5,0,0.04,22,true,2
13790,Brandon Aguilera,385,Costa Rica,CRC,CAM,1431.6,3.7,36.7,2.7,29.1,7.7,1.0,31.28,23.99,0.0,0.0,0.0,11.7,74.6,8.3,0.3,1.0,0.0,0,0.0,70,true,6
4713,Jonas Hofmann,368,Germany,GER,CAM,861.1,4.5,35.0,1.5,11.8,23.2,3.0,21.8,21.69,0.0,0.16,0.5,10.0,66.7,3.0,0.0,0.5,0.0,0,0.33,20,true,2
233,Romain Saïss,374,Morocco,MAR,LCB,2855.9,2.5,35.0,4.7,54.2,-19.2,-2.2,45.0,28.94,0.17,0.09,0.2,32.2,82.2,5.8,0.2,0.2,1.0,2,1.13,386,true,12
13858,Josip Juranovic,371,Croatia,CRO,RB,3653.4,8.3,91.5,13.7,141.0,-49.5,-5.3,45.0,27.07,0.0,0.01,0.2,67.7,79.3,8.3,2.5,0.7,1.0,0,0.04,406,true,6
13998,Salem Al-Dawsari,382,Saudi Arabia,KSA,LM,3367.6,6.3,65.7,9.7,94.2,-28.5,-3.3,34.77,25.85,,,,,,,,,,,,,false,3
3989,Nemanja Radonjic,375,Serbia,SRB,LW,1003.1,3.3,32.2,4.0,37.4,-5.2,-0.7,27.69,25.8,0.0,0.02,0.7,7.7,71.7,1.7,1.3,0.7,0.0,0,0.05,23,true,3
3858,Idrissa Gueye,372,Senegal,SEN,CAM,3910.3,6.0,63.4,8.0,83.6,-20.1,-2.0,30.06,26.16,0.0,0.11,1.3,43.7,79.5,22.3,2.0,0.7,1.3,0,0.66,262,true,6
12945,Bremer,361,Brazil,BRA,RCB,1973.7,2.5,27.9,2.5,24.6,3.3,0.0,27.41,24.35,0.0,0.17,0.5,42.5,91.7,5.0,0.0,0.0,0.0,0,0.69,170,true,4
10756,Jordan Veretout,363,France,FRA,CM,2663.6,13.0,116.2,8.0,77.3,38.9,5.0,23.71,23.19,0.0,0.0,0.0,35.0,91.4,9.0,0.0,0.0,0.0,0,0.0,35,true,1
8327,Marten De Roon,366,Netherlands,NED,CDM,1595.5,3.4,32.5,2.0,21.3,11.1,1.4,28.82,24.04,0.0,0.0,0.0,24.4,64.4,10.0,0.0,0.0,0.2,0,0.0,244,true,10
1975,Denis Odoi,383,Ghana,GHA,RB,774.0,8.0,50.4,0.0,0.0,50.4,8.0,16.2,15.9,0.0,0.0,0.0,2.0,100.0,3.0,0.0,0.0,0.0,0,0.0,2,true,1
1684,Federico Valverde,369,Uruguay,URU,CM,3931.5,7.7,78.9,7.7,80.3,-1.4,0.0,36.41,25.06,0.0,0.04,2.3,62.0,81.4,13.3,0.7,1.0,1.7,0,0.12,186,true,3
13801,Yuki Soma,57,Japan,JPN,LW,2768.4,3.0,40.7,7.0,71.5,-30.8,-4.0,34.27,28.99,0.0,0.14,3.0,20.0,65.0,13.0,3.0,2.0,0.0,0,0.14,20,true,1
13791,Roan Wilson,385,Costa Rica,CRC,CM,397.1,5.0,36.4,0.0,0.0,36.4,5.0,18.79,18.61,,,,,,,,,,,,,false,1
4737,Jesper Lindström,367,Denmark,DEN,CAM,2979.6,8.3,88.4,11.7,121.9,-33.5,-3.3,34.78,26.99,0.0,0.11,1.0,18.0,71.5,12.3,1.7,4.3,1.7,0,1.0,162,true,9
4618,Leon Goretzka,368,Germany,GER,CM,2525.1,1.3,17.9,3.3,40.1,-22.2,-2.0,45.0,29.05,0.0,0.15,1.3,19.7,78.1,7.7,0.0,0.3,0.7,0,0.46,59,true,3
1910,Mohammed Salisu,383,Ghana,GHA,LCB,3340.4,4.7,54.9,7.3,79.1,-24.3,-2.7,45.0,27.46,0.33,0.14,0.7,49.7,71.2,6.7,0.0,0.0,1.0,1,0.43,149,true,3
4882,Robert Skov,367,Denmark,DEN,RW,1283.3,12.0,104.0,4.0,35.2,68.8,8.0,21.75,21.52,0.0,0.0,0.0,21.0,76.2,2.0,3.0,2.0,1.0,0,0.0,21,true,1
13118,Eray Comert,370,Switzerland,SUI,RCB,885.3,1.0,11.6,1.0,11.7,-0.1,0.0,27.1,25.2,0.0,0.0,0.0,20.5,79.4,3.5,0.0,0.0,2.0,0,0.0,41,true,2
3452,Kevin Álvarez,58,Mexico,MEX,RB,1066.3,1.0,15.8,3.0,38.9,-23.1,-2.0,44.31,39.44,0.0,0.0,0.0,12.0,65.6,4.0,0.5,1.0,2.0,0,0.0,48,true,4
1168,Nouhou Tolo,379,Cameroon,CMR,LB,3450.5,13.7,133.8,12.0,115.4,18.4,1.7,31.11,24.57,0.0,0.0,0.0,35.3,75.2,12.7,1.3,0.7,3.0,0,0.0,106,true,3
7008,Brennan Johnson,384,Wales,WAL,CF,1189.4,1.7,15.7,2.0,23.6,-7.9,-0.3,28.45,26.03,0.0,0.04,1.0,6.0,64.8,4.0,0.7,1.7,0.0,0,0.12,18,true,3
14008,Riad Sharahili,382,Saudi Arabia,KSA,CDM,2599.8,3.0,34.7,7.0,72.5,-37.8,-4.0,29.46,28.23,0.0,0.0,0.0,19.0,89.5,12.0,0.0,1.0,2.0,0,0.0,19,true,1
13880,Fabian Frei,370,Switzerland,SUI,CDM,789.1,4.0,35.8,1.0,10.6,25.3,3.0,21.86,21.45,0.0,0.0,0.0,6.5,68.4,3.5,0.0,0.0,0.5,0,0.0,13,true,2
8037,Dusan Tadić,375,Serbia,SRB,RW,3835.1,14.0,125.6,6.7,66.2,59.4,7.3,34.48,22.9,0.0,0.02,0.3,41.7,70.1,12.0,3.3,2.7,0.7,0,0.12,250,true,6
4616,Joshua Kimmich,368,Germany,GER,CM,4576.2,6.0,62.6,6.3,67.4,-4.8,-0.3,45.0,25.51,0.0,0.11,2.3,90.3,82.7,11.7,1.7,1.0,2.3,0,0.67,542,true,6
96,César Azpilicueta,52,Spain,ESP,RB,2741.2,2.5,34.5,3.5,42.8,-8.4,-1.0,45.0,26.71,0.0,0.0,0.0,89.5,94.7,4.5,1.0,1.0,1.0,0,0.0,179,true,2
2106,Edson Alvarez,58,Mexico,MEX,CM,3522.6,5.5,59.4,8.0,83.2,-23.8,-2.5,38.11,26.29,0.0,0.01,0.5,54.5,78.2,16.0,0.0,0.5,2.0,0,0.03,218,true,4
4105,Wahbi Khazri,378,Tunisia,TUN,CF,1511.7,2.5,32.4,5.0,52.8,-20.4,-2.5,29.38,28.08,0.5,0.15,2.5,10.0,60.0,5.0,0.5,0.5,0.0,1,0.3,20,true,2
14007,Nasser Al-Dawsari,382,Saudi Arabia,KSA,LB,502.2,8.0,53.8,0.0,0.0,53.8,8.0,18.12,18.05,0.0,0.0,0.0,10.0,100.0,5.0,1.0,0.0,0.0,0,0.0,10,true,1
13970,Roozbeh Cheshmi,373,Iran,IRN,UNK,1294.6,7.0,56.0,0.5,5.5,50.5,6.5,24.4,20.13,0.5,0.02,0.5,7.0,47.8,2.5,0.0,0.0,0.5,2,0.07,28,true,4
2075,Facundo Pellistri,369,Uruguay,URU,RW,2297.1,5.0,58.7,10.7,115.3,-56.6,-5.7,32.24,29.61,0.0,0.03,0.3,15.0,77.7,9.7,2.0,2.0,0.3,0,0.2,90,true,6
4622,Kingsley Coman,363,France,FRA,RW,1270.0,2.0,22.5,3.4,34.9,-12.4,-1.4,38.52,27.27,0.0,0.17,0.4,14.0,77.5,7.4,1.2,2.4,0.6,0,0.87,70,true,5
4681,Giovanni Reyna,51,United States,USA,CAM,1290.1,1.5,14.4,1.5,13.0,1.4,0.0,24.26,23.78,0.0,0.04,1.0,17.5,63.7,3.0,1.5,0.5,0.0,0,0.09,35,true,2
13857,Borna Barisic,371,Croatia,CRO,LB,5009.5,9.0,97.0,9.0,99.9,-2.9,0.0,45.0,25.16,0.0,0.02,1.0,67.0,74.6,19.0,6.0,0.0,1.0,0,0.02,67,true,1
42,Trent Alexander-Arnold,50,England,ENG,RB,1133.4,1.0,12.9,8.0,77.6,-64.7,-7.0,31.39,30.91,0.0,0.0,0.0,23.0,91.3,4.0,0.0,0.0,1.0,0,0.0,23,true,1
8054,Adrien Rabiot,363,France,FRA,CM,3522.5,7.5,75.1,6.2,65.2,9.9,1.3,37.05,24.52,0.17,0.12,1.5,47.5,85.6,14.0,1.0,0.5,1.7,1,0.73,285,true,6
14003,Mohamed Kanno,382,Saudi Arabia,KSA,CM,3498.6,7.0,70.9,7.0,68.4,2.5,0.0,32.32,24.78,0.0,0.11,2.0,48.3,79.7,12.0,0.0,2.7,0.7,0,0.64,290,true,6
1926,Thiago Silva,361,Brazil,BRA,LCB,3234.9,2.5,38.7,7.5,87.0,-48.3,-5.0,45.0,33.41,0.0,0.05,0.5,83.8,95.5,5.5,0.3,0.3,2.0,0,0.42,670,true,8
3856,Leandro Paredes,364,Argentina,ARG,CM,1624.4,9.2,72.9,0.6,5.7,67.2,8.6,28.66,20.07,0.4,0.32,0.6,48.0,95.0,9.8,0.0,0.0,0.6,4,3.16,480,true,10
8134,Denzel Dumfries,366,Netherlands,NED,RWB,3549.4,5.2,65.0,13.0,139.2,-74.2,-7.8,45.0,29.51,0.2,0.06,0.4,43.6,66.8,13.8,2.6,1.2,1.0,1,0.28,218,true,5
4868,David Raum,368,Germany,GER,LB,3510.2,4.7,61.7,13.7,150.2,-88.5,-9.0,45.0,30.28,0.0,0.0,0.0,64.3,77.4,14.3,5.3,1.0,2.0,0,0.0,193,true,3
13993,Sultan Al-Ghannam,382,Saudi Arabia,KSA,RB,1765.3,1.0,14.0,5.3,54.4,-40.4,-4.3,34.82,30.0,,,,,,,,,,,,,false,3
1950,Ferran Torres,52,Spain,ESP,RW,2119.7,3.3,35.3,5.5,56.7,-21.3,-2.3,42.42,26.8,0.5,0.25,1.0,21.5,71.7,7.5,2.0,2.5,0.0,4,2.01,172,true,8
12642,Ivan Ilić,375,Serbia,SRB,CM,1795.3,20.0,152.9,1.0,6.2,146.7,19.0,22.06,20.15,0.0,0.0,0.0,20.0,95.0,9.0,0.0,0.0,1.0,0,0.0,20,true,1
14021,Ghaylen Chaaleli,378,Tunisia,TUN,CM,1009.5,7.0,53.0,0.0,0.0,53.0,7.0,18.96,18.8,,,,,,,,,,,,,false,1
9598,Ali Abdi,378,Tunisia,TUN,LWB,2742.6,10.7,104.9,10.0,96.0,8.9,0.7,32.4,24.73,0.0,0.0,0.0,36.3,76.7,9.3,1.3,1.0,1.7,0,0.0,218,true,6
3880,Strahinja Pavlovic,375,Serbia,SRB,LCB,3161.7,3.0,39.8,7.0,81.3,-41.4,-4.0,41.78,31.02,0.33,0.06,0.7,50.7,81.3,11.0,0.3,0.7,0.7,1,0.18,152,true,3
11853,Antonio Silva,365,Portugal,POR,RCB,3744.7,19.0,166.8,7.0,62.2,104.6,12.0,26.27,21.92,0.0,0.0,0.0,58.0,98.3,2.0,0.0,0.0,1.0,0,0.0,116,true,2
14009,Abdulrahman Al-Oboud,382,Saudi Arabia,KSA,RW,936.1,4.5,38.6,2.5,28.4,10.2,2.0,24.79,24.16,0.0,0.02,0.5,6.5,59.5,7.0,0.5,1.0,0.0,0,0.04,13,true,2
215,Youri Tielemans,362,Belgium,BEL,CM,1552.7,2.7,25.3,2.0,19.0,6.3,0.7,33.37,23.55,0.0,0.0,0.0,20.3,82.3,5.7,0.3,0.3,1.0,0,0.0,61,true,3
3996,Bamba Dieng,372,Senegal,SEN,CF,1127.4,5.3,45.1,0.5,5.7,39.3,4.8,22.85,20.33,0.25,0.1,1.0,4.8,61.2,6.0,0.3,0.3,0.0,1,0.38,19,true,4
3309,Carlos Rodríguez,58,Mexico,MEX,CM,968.2,3.0,23.5,0.5,5.2,18.4,2.5,24.42,22.63,,,,,,,,,,,,,false,2
4404,Alidu Seidu,383,Ghana,GHA,RWB,2704.8,3.5,44.8,3.0,39.7,5.2,0.5,45.0,24.75,0.0,0.01,0.5,37.5,80.7,18.5,1.5,2.5,0.0,0,0.05,225,true,6
963,Tajon Buchanan,380,Canada,CAN,RW,3682.8,7.3,78.6,9.7,104.5,-25.9,-2.3,44.58,26.16,0.0,0.24,1.7,29.3,70.0,14.3,3.3,7.7,1.0,0,2.15,264,true,9
5139,Romelu Lukaku,362,Belgium,BEL,CF,1099.0,2.5,22.5,1.5,13.9,8.6,1.0,23.37,22.64,0.0,0.84,2.5,4.5,87.5,4.0,0.0,0.5,0.0,0,1.68,9,true,2
4739,Ajdin Hrustic,386,Australia,AUS,CM,1217.1,3.3,31.6,2.3,23.5,8.1,1.0,28.71,23.55,0.0,0.01,0.3,7.7,84.9,7.7,0.3,1.3,0.0,0,0.03,23,true,3
4925,Hiroki Ito,57,Japan,JPN,LCB,1635.2,4.0,41.4,2.0,24.5,16.9,2.0,23.64,23.23,0.0,0.0,0.0,63.0,92.1,2.0,0.0,0.0,0.0,0,0.0,63,true,1
8344,Alex Balde,52,Spain,ESP,LB,1383.0,8.3,73.2,4.0,35.8,37.3,4.3,25.6,22.43,,,,,,,,,,,,,false,4
5070,Saman Ghoddos,373,Iran,IRN,CAM,2193.9,10.0,90.5,6.0,56.9,33.6,4.0,25.47,23.13,0.0,0.39,1.0,21.0,71.4,9.0,0.0,0.0,0.0,0,0.39,21,true,1
7443,Christian Eriksen,367,Denmark,DEN,CM,4437.3,5.7,59.9,7.7,80.2,-20.3,-2.0,37.81,26.04,0.0,0.05,1.3,77.0,83.5,10.7,3.0,2.0,1.0,0,0.15,231,true,3
12235,Ali Karimi,373,Iran,IRN,CM,1876.6,7.3,68.4,4.0,35.0,33.4,3.3,24.2,22.9,0.0,0.0,0.0,15.0,64.6,10.0,0.3,0.0,0.3,0,0.0,45,true,3
13876,Christian Bassogog,379,Cameroon,CMR,RW,1072.2,8.0,71.6,3.0,23.1,48.5,5.0,21.71,21.58,0.0,0.0,0.0,9.0,55.6,6.0,1.0,4.0,1.0,0,0.0,9,true,1
67,Jan Vertonghen,362,Belgium,BEL,LCB,3570.6,13.7,127.1,6.3,66.5,60.6,7.3,45.0,22.99,0.0,0.04,0.7,88.0,88.8,5.0,0.0,0.0,1.0,0,0.11,264,true,3
5097,Ibrahima Konaté,363,France,FRA,RCB,2164.7,2.8,32.3,5.8,63.9,-31.6,-3.0,45.0,28.04,0.0,0.04,0.4,45.6,82.6,3.2,0.0,0.0,1.8,0,0.35,456,true,10
13870,Abderrazak Hamdallah,374,Morocco,MAR,CF,792.0,2.0,17.4,1.5,14.2,3.2,0.5,27.02,24.2,0.0,0.14,0.5,4.0,42.1,2.5,0.3,0.3,0.0,0,0.54,16,true,4
1257,In-beom Hwang,377,South Korea,KOR,CM,3940.5,5.0,55.4,8.5,85.2,-29.8,-3.5,37.69,27.04,0.0,0.05,1.5,61.8,79.6,12.8,1.3,1.0,0.8,0,0.2,247,true,4
7535,Karol Swiderski,376,Poland,POL,CF,1989.5,9.0,78.7,6.0,55.3,23.4,3.0,25.42,22.16,0.0,0.0,0.0,8.0,87.5,11.0,0.0,0.0,1.0,0,0.0,8,true,1
320,Fabian Schär,370,Switzerland,SUI,RCB,2507.8,8.0,78.9,4.5,47.3,31.6,3.5,40.29,22.64,0.0,0.05,1.0,40.0,80.1,5.0,0.0,0.0,1.5,0,0.21,160,true,4
1531,Lionel Messi,364,Argentina,ARG,CF,3375.9,4.9,59.9,9.3,100.9,-41.0,-4.4,39.42,28.71,1.29,1.09,4.9,53.0,82.2,12.7,1.0,5.1,0.0,18,15.2,742,true,14
13823,Craig Goodwin,386,Australia,AUS,LM,2485.6,4.5,47.1,4.3,44.5,2.6,0.3,38.78,24.79,0.25,0.05,0.5,23.5,58.2,5.5,3.5,0.0,0.3,2,0.41,188,true,8
8400,Christian Fassnacht,370,Switzerland,SUI,RM,729.8,9.0,65.5,0.0,0.0,65.5,9.0,18.46,18.37,0.0,0.32,1.0,10.0,80.0,2.0,0.0,2.0,0.0,0,0.32,10,true,1
162,Gabriel Martinelli,361,Brazil,BRA,LW,1441.9,4.0,41.1,3.0,31.1,10.0,1.0,27.04,24.54,0.0,0.14,1.3,15.3,63.6,5.0,4.0,2.0,0.0,0,0.41,46,true,3
8627,Atiba Hutchinson,380,Canada,CAN,CM,2529.8,2.0,27.6,6.0,66.4,-38.8,-4.0,43.63,31.41,0.0,0.04,0.7,37.3,91.5,5.3,0.0,0.3,1.3,0,0.13,112,true,3
7605,Olivier Ntcham,379,Cameroon,CMR,CM,1157.3,7.0,59.1,2.0,14.0,45.1,5.0,21.95,21.62,0.0,0.03,1.0,12.0,91.7,6.0,0.0,1.0,0.0,0,0.03,12,true,1
8033,Davy Klaassen,366,Netherlands,NED,CAM,1998.5,7.8,68.8,3.0,29.0,39.8,4.8,28.76,22.59,0.25,0.11,0.5,20.3,72.3,5.5,0.3,0.0,0.3,1,0.43,81,true,4
2083,Joe Rodon,384,Wales,WAL,UNK,3505.2,9.7,87.5,5.0,47.6,39.9,4.7,25.75,22.83,0.0,0.0,0.0,54.0,90.8,7.7,0.0,0.0,1.0,0,0.0,324,true,6
13044,Jawad El Yamiq,374,Morocco,MAR,RCB,1999.0,3.5,43.1,8.8,95.6,-52.5,-5.3,41.24,30.18,0.0,0.01,0.2,26.7,81.9,3.0,0.0,0.0,0.8,0,0.13,320,true,12
1067,Brenden Aaronson,51,United States,USA,CAM,1436.1,7.0,54.4,0.5,6.3,48.1,6.5,24.68,20.63,0.0,0.02,0.3,12.0,85.4,8.0,0.0,2.3,0.5,0,0.09,48,true,4
4265,Gideon Mensah,383,Ghana,GHA,LB,2854.5,1.0,25.8,7.0,84.9,-59.1,-6.0,45.0,35.58,0.0,0.0,0.0,45.0,77.8,9.0,2.0,0.0,2.0,0,0.0,45,true,1
14022,Aissa Laidouni,378,Tunisia,TUN,CM,3672.7,6.0,71.3,12.0,122.2,-50.9,-6.0,37.67,27.74,0.0,0.03,0.7,39.7,81.1,11.0,0.7,1.3,2.0,0,0.08,119,true,3
11967,Victor Nelsson,367,Denmark,DEN,RCB,3613.6,2.0,33.7,9.0,105.1,-71.4,-7.0,44.74,34.43,0.0,0.0,0.0,72.0,94.4,7.0,0.0,0.0,1.0,0,0.0,144,true,2
13955,Ali Asad,360,Qatar,QAT,CAM,1341.6,6.0,49.0,2.0,14.2,34.8,4.0,22.72,21.99,,,,,,,,,,,,,false,1
4611,Alphonso Davies,380,Canada,CAN,LWB,3931.5,13.7,137.1,16.0,157.3,-20.2,-2.3,38.93,25.66,0.33,0.31,1.3,38.0,71.4,16.0,1.3,7.3,1.7,3,2.79,342,true,9
13994,Saud Abdulhamid,382,Saudi Arabia,KSA,RB,3411.4,4.0,48.2,13.0,131.6,-83.4,-9.0,45.0,28.07,,,,,,,,,,,,,false,6
2111,Hirving Lozano,58,Mexico,MEX,RW,2765.1,6.7,77.2,9.3,100.9,-23.7,-2.7,35.64,27.26,0.0,0.08,2.0,24.7,52.1,16.0,5.0,2.0,0.3,0,0.48,148,true,6
3878,Axel Disasi,363,France,FRA,RCB,1159.5,1.0,13.1,2.7,27.6,-14.5,-1.7,40.96,27.36,0.0,0.03,0.5,37.5,88.2,4.0,1.0,0.5,2.0,0,0.12,150,true,6
13961,Akram Afif,360,Qatar,QAT,CF,3458.0,8.7,87.2,8.7,86.3,0.9,0.0,36.75,24.94,0.0,0.01,0.7,55.3,85.8,7.7,2.0,2.3,0.0,0,0.03,166,true,3
5063,Mathias Jensen,367,Denmark,DEN,CM,2106.7,1.0,15.0,4.5,51.8,-36.8,-3.5,41.39,31.56,0.0,0.02,1.0,34.0,78.5,5.0,1.5,0.5,0.0,0,0.05,68,true,2
4021,Jérémy Doku,362,Belgium,BEL,RW,754.5,7.0,52.0,0.0,0.0,52.0,7.0,18.85,18.08,0.0,0.0,0.0,14.0,57.1,2.0,1.0,3.0,0.0,0,0.0,14,true,1
11113,Sebastian Szymanski,376,Poland,POL,CM,2643.1,7.5,82.4,11.0,109.7,-27.3,-3.5,32.16,26.25,0.0,0.0,0.0,20.0,68.7,18.5,1.0,1.0,0.5,0,0.0,80,true,4
1789,Jules Kounde,363,France,FRA,RCB,2993.6,2.7,35.8,5.8,66.4,-30.7,-3.2,45.0,28.52,0.0,0.03,0.7,51.3,84.4,8.7,0.5,0.7,0.5,0,0.34,616,true,12
1383,Koke,52,Spain,ESP,CM,1427.5,6.0,51.7,2.0,18.1,33.6,4.0,21.15,20.75,0.0,0.0,0.0,31.5,78.8,3.0,0.0,0.0,1.0,0,0.0,63,true,2
10039,Joe Morrell,384,Wales,WAL,CM,860.8,10.5,67.8,0.0,0.0,67.8,10.5,17.08,16.94,0.0,0.0,0.0,6.5,95.9,5.5,0.0,0.0,0.5,0,0.0,13,true,2
25,Raheem Sterling,50,England,ENG,LW,1830.2,5.7,53.6,3.3,33.2,20.5,2.3,36.62,22.61,0.33,0.06,0.3,19.3,74.0,5.7,0.7,1.0,0.3,1,0.19,58,true,3
241,Leander Dendoncker,362,Belgium,BEL,RCB,3849.6,10.0,97.8,7.0,74.9,23.0,3.0,44.86,23.81,0.0,0.04,0.5,59.5,97.9,8.5,0.5,0.5,1.0,0,0.27,357,true,6
9094,Cyle Larin,380,Canada,CAN,LW,1955.1,7.7,72.6,5.7,54.3,18.3,2.0,26.11,23.99,0.0,0.08,1.0,10.3,67.7,7.0,0.7,1.0,0.0,0,0.5,62,true,6
13817,Jamie Maclaren,386,Australia,AUS,CF,992.3,2.0,19.5,1.3,12.5,7.0,0.7,23.64,23.19,0.0,0.0,0.0,5.3,38.9,3.7,0.3,0.0,0.3,0,0.0,16,true,3
14019,Yassine Meriah,378,Tunisia,TUN,UNK,3584.9,5.7,59.4,5.0,53.8,5.7,0.7,38.72,24.52,0.0,0.02,0.3,56.0,84.0,9.7,0.3,0.7,0.3,0,0.09,336,true,6
12514,Piotr Zielinski,376,Poland,POL,CM,3586.9,17.0,140.6,3.5,34.6,106.0,13.5,28.63,21.35,0.25,0.15,0.8,38.3,79.1,11.8,1.3,1.0,0.5,2,1.17,306,true,8
13874,Samuel Oum Gouet,379,Cameroon,CMR,CM,2375.5,6.5,58.2,2.0,21.3,36.9,4.5,26.04,22.22,,,,,,,,,,,,,false,4
13954,Abdulaziz Hatem,360,Qatar,QAT,CM,2770.9,10.7,94.4,3.7,32.7,61.7,7.0,23.91,21.96,0.0,0.01,0.3,30.3,81.8,6.7,0.0,0.3,0.7,0,0.02,91,true,3
240,Rúben Neves,365,Portugal,POR,CM,2276.9,4.4,43.1,4.6,44.6,-1.5,-0.2,27.85,25.17,0.0,0.02,0.4,51.8,92.9,7.4,0.2,0.0,0.4,0,0.17,518,true,10
13972,Abolfazl Jalali,373,Iran,IRN,LB,1040.9,5.0,38.8,1.0,5.9,32.9,4.0,20.65,20.34,0.0,0.0,0.0,29.0,72.4,0.0,1.0,2.0,0.0,0,0.0,29,true,1
1880,Andres Guardado,58,Mexico,MEX,CM,1219.8,11.0,76.8,0.0,0.0,76.8,11.0,18.36,18.28,0.0,0.0,0.0,16.0,68.8,9.0,0.0,0.0,0.0,0,0.0,16,true,1
12777,Abdelhamid Sabiri,374,Morocco,MAR,CAM,1576.3,3.8,36.5,1.8,18.3,18.2,2.0,34.54,22.64,0.2,0.18,0.8,11.6,77.8,5.8,0.2,0.2,1.0,2,1.81,116,true,10
1876,William Carvalho,365,Portugal,POR,CDM,2325.4,4.8,42.9,2.0,19.0,23.9,2.8,35.71,21.96,0.0,0.01,0.3,41.3,92.8,9.5,0.0,0.3,0.5,0,0.15,495,true,12
8039,Antony,361,Brazil,BRA,RW,1397.5,2.3,25.9,5.0,49.0,-23.2,-2.8,31.24,27.46,0.0,0.04,1.5,28.3,83.3,6.3,1.3,3.8,0.8,0,0.16,113,true,4
13937,Angelo Preciado,381,Ecuador,ECU,RB,3150.4,2.0,29.9,6.3,69.5,-39.6,-4.3,45.0,30.52,0.0,0.02,1.3,43.0,74.6,13.3,2.0,0.3,1.7,0,0.14,258,true,6
1687,Luka Modric,371,Croatia,CRO,CM,3704.4,4.0,45.9,7.0,75.1,-29.3,-3.0,44.14,27.16,0.14,0.16,1.0,78.4,83.9,16.4,2.6,1.4,2.4,1,1.13,549,true,7
13781,Celso Borges,385,Costa Rica,CRC,CM,3674.5,4.7,48.7,4.7,45.3,3.4,0.0,33.79,24.47,0.0,0.0,0.0,37.7,83.8,11.0,1.0,0.7,1.0,0,0.0,113,true,3
20,Ilkay Gündogan,368,Germany,GER,CM,3042.5,7.3,66.4,2.0,24.1,42.4,5.3,42.43,21.98,0.33,0.38,2.0,54.3,87.2,6.0,0.0,1.3,0.3,2,2.26,326,true,6
6895,Rodrigo de Paul,364,Argentina,ARG,CM,3595.7,5.6,65.7,10.6,111.0,-45.3,-5.0,44.28,27.92,0.0,0.08,1.0,80.4,82.8,15.9,2.1,1.9,1.4,0,1.14,1126,true,14
4613,Benjamin Pavard,363,France,FRA,RB,3700.7,15.0,134.9,4.0,43.8,91.1,11.0,38.57,21.9,0.0,0.0,0.0,88.0,92.0,1.0,1.0,1.0,1.0,0,0.0,88,true,1
9089,Andreas Skov Olsen,367,Denmark,DEN,CF,3000.9,3.0,47.9,15.0,166.6,-118.8,-12.0,45.0,33.33,0.0,0.16,2.0,31.0,70.7,9.0,1.5,0.5,0.5,0,0.94,186,true,6
132,Fred,361,Brazil,BRA,CM,1976.3,2.0,23.8,4.7,52.7,-28.9,-2.7,34.2,29.49,0.0,0.16,1.0,26.0,83.6,9.3,0.0,0.3,0.3,0,0.47,78,true,3
13228,Youssouf Sabaly,372,Senegal,SEN,RB,3510.4,5.5,58.2,7.3,76.4,-18.2,-1.8,36.86,25.91,0.0,0.0,0.5,55.5,86.0,11.8,2.0,1.0,1.0,0,0.02,222,true,4
9993,Kalidou Koulibaly,372,Senegal,SEN,RCB,3324.3,5.5,64.1,8.0,84.4,-20.3,-2.5,36.43,26.91,0.25,0.06,0.3,49.0,75.6,8.5,0.0,0.3,1.5,1,0.23,196,true,4
8593,Rafael Leao,365,Portugal,POR,LW,776.7,2.2,20.4,1.6,14.8,5.6,0.6,25.02,23.71,0.4,0.05,1.0,9.0,71.2,2.2,1.2,1.4,0.2,2,0.25,45,true,5
2066,Ruben Dias,365,Portugal,POR,RCB,3477.9,5.8,65.9,8.0,84.9,-19.0,-2.3,39.66,26.96,0.0,0.01,0.3,66.5,91.7,4.3,0.0,0.0,0.8,0,0.08,532,true,8
455,Leandro Trossard,362,Belgium,BEL,LW,1783.5,4.0,44.2,7.3,74.0,-29.8,-3.3,30.25,27.62,0.0,0.0,0.0,19.0,76.4,5.3,0.7,1.3,0.0,0,0.0,114,true,6
1289,Mark-Anthony Kaye,380,Canada,CAN,CM,2277.4,2.0,25.7,4.0,47.7,-22.0,-2.0,32.66,31.06,0.0,0.04,1.0,57.0,87.7,13.0,0.0,0.0,1.0,0,0.04,57,true,1
6038,Nuno Mendes,365,Portugal,POR,LB,1299.1,3.0,26.9,3.0,25.8,1.1,0.0,24.53,24.23,0.0,0.0,0.0,34.0,88.2,0.0,2.0,2.0,1.0,0,0.0,34,true,1
1991,Aleksandar Mitrovic,375,Serbia,SRB,CF,3200.8,6.3,72.0,8.0,87.8,-15.8,-1.7,43.21,26.47,0.67,0.5,3.3,22.3,77.7,8.0,0.3,0.3,0.0,2,1.5,67,true,3
4608,Niklas Süle,368,Germany,GER,RB,3652.5,4.3,50.2,6.0,66.9,-16.7,-1.7,45.0,26.3,0.0,0.03,0.3,84.0,91.5,8.0,0.3,0.0,0.3,0,0.15,504,true,6
13910,Kyung-won Kwon,377,South Korea,KOR,LCB,1980.5,2.0,32.0,4.5,59.2,-27.2,-2.5,44.23,37.31,0.0,0.0,0.5,21.5,91.5,1.0,0.0,0.0,1.5,0,0.01,86,true,4
13981,Ali Gholizadeh,373,Iran,IRN,RW,2912.8,2.3,33.7,8.7,93.0,-59.3,-6.3,45.0,30.34,0.0,0.01,0.3,24.3,64.3,9.3,1.0,2.3,1.7,0,0.09,146,true,6
14012,Haitham Asiri,382,Saudi Arabia,KSA,CF,401.0,5.0,35.7,0.0,0.0,35.7,5.0,18.53,18.45,0.0,0.0,0.0,2.0,50.0,4.0,0.0,0.0,0.0,0,0.0,2,true,1
9178,Marcos Acuña,364,Argentina,ARG,LB,2431.2,2.3,33.1,6.8,75.6,-42.5,-4.5,45.0,30.67,0.0,0.01,0.3,36.2,76.5,8.7,2.3,0.8,0.5,0,0.15,434,true,12
8138,Lautaro Martinez,364,Argentina,ARG,CF,1413.1,4.2,40.7,3.5,34.8,5.9,0.7,36.43,24.56,0.17,0.48,2.5,10.5,70.5,3.3,0.0,1.3,0.2,1,2.91,63,true,6
105,Mason Mount,50,England,ENG,CAM,1958.1,5.8,55.7,3.0,28.3,27.5,2.8,38.53,23.02,0.0,0.05,1.0,18.5,92.7,10.8,0.5,1.0,0.3,0,0.18,74,true,4
83,Heung-min Son,377,South Korea,KOR,LW,3760.6,7.8,87.8,15.0,160.6,-72.8,-7.3,34.17,28.6,0.0,0.11,2.3,30.5,69.8,9.0,0.5,2.3,0.3,0,0.91,244,true,8
8077,Joao Palhinha,365,Portugal,POR,CDM,688.4,1.7,13.5,0.3,4.4,9.1,1.3,25.3,22.59,0.0,0.01,0.3,10.0,88.0,4.0,0.0,1.0,0.3,0,0.02,30,true,3
14028,Issam Jebali,378,Tunisia,TUN,CF,2597.4,5.0,46.0,3.0,30.7,15.2,2.0,29.33,22.73,0.0,0.2,1.0,12.3,77.2,12.3,0.7,1.3,0.0,0,0.59,37,true,3
14024,Ferjani Sassi,378,Tunisia,TUN,CM,1386.7,4.0,36.0,2.0,19.8,16.2,2.0,26.96,23.01,0.0,0.01,0.5,17.0,62.5,7.0,0.0,1.0,0.0,0,0.02,34,true,2
4666,Raphaël Guerreiro,365,Portugal,POR,LB,2888.1,6.5,66.5,7.8,81.6,-15.1,-1.3,45.0,25.83,0.25,0.1,0.8,47.8,84.7,6.5,3.0,0.3,0.5,1,0.4,191,true,4
8584,Fode Ballo-Toure,372,Senegal,SEN,LB,413.5,4.0,25.6,0.0,0.0,25.6,4.0,17.97,17.89,0.0,0.0,0.0,8.0,75.0,2.0,1.0,1.0,1.0,0,0.0,8,true,1
1694,Eden Hazard,362,Belgium,BEL,LW,1742.2,8.0,70.9,3.0,31.0,39.9,5.0,45.0,22.1,0.0,0.0,0.3,19.7,69.1,1.7,0.3,2.7,0.3,0,0.02,118,true,6
3903,Krépin Diatta,372,Senegal,SEN,RW,2396.7,5.0,53.9,5.7,59.7,-5.8,-0.7,41.71,25.54,0.0,0.04,1.0,25.3,78.6,14.0,1.3,1.7,0.3,0,0.26,152,true,6
13976,Sadegh Moharrami,373,Iran,IRN,RWB,3568.2,8.0,81.0,10.0,99.1,-18.1,-2.0,36.13,25.51,0.0,0.0,0.0,26.0,73.1,17.0,3.0,2.0,3.0,0,0.0,52,true,2
13867,Bilal El Khannouss,374,Morocco,MAR,CAM,2193.9,7.0,56.6,2.0,14.7,41.9,5.0,21.09,20.98,0.0,0.0,0.0,24.0,83.3,13.0,0.0,0.0,0.0,0,0.0,48,true,2
13462,Martín Cáceres,369,Uruguay,URU,RB,3493.6,7.0,82.8,9.0,103.9,-21.1,-2.0,43.2,27.69,0.0,0.0,0.0,81.0,84.0,9.0,0.0,1.0,2.0,0,0.0,162,true,2
13963,Mohammed Muntari,360,Qatar,QAT,CF,835.2,3.7,30.0,0.0,1.2,28.8,3.7,20.32,19.47,0.33,0.06,1.0,6.3,89.1,5.0,0.0,0.0,0.0,1,0.19,19,true,3
1519,Sergio Busquets,52,Spain,ESP,CM,4205.7,4.3,46.6,3.0,36.9,9.8,1.3,43.53,24.05,0.0,0.22,0.8,72.5,91.6,10.0,0.0,0.5,1.0,0,0.89,290,true,4
13786,Carlos Martinez,385,Costa Rica,CRC,RB,1977.7,7.0,65.1,5.0,48.5,16.6,2.0,23.64,23.16,0.0,0.0,0.0,14.0,71.4,12.0,0.0,0.0,0.0,0,0.0,14,true,1
16,Kyle Walker,50,England,ENG,RB,2805.2,3.7,49.4,7.3,82.2,-32.8,-3.7,38.64,29.51,0.0,0.0,0.0,59.0,89.8,5.7,0.3,1.0,2.3,0,0.0,177,true,3
12576,Nikola Milenkovic,375,Serbia,SRB,RCB,3615.7,3.7,44.5,8.7,92.3,-47.7,-5.0,45.0,29.09,0.0,0.04,1.0,52.3,86.6,9.3,0.0,0.0,2.0,0,0.12,157,true,3
2108,Uriel Antuna,58,Mexico,MEX,RW,1090.6,1.7,20.8,3.7,37.0,-16.3,-2.0,30.07,27.64,0.0,0.1,0.7,6.0,50.0,2.0,1.0,0.3,0.0,0,0.31,18,true,3
13939,Djorkaeff Reasco,381,Ecuador,ECU,CF,1075.3,3.0,29.9,2.0,22.1,7.8,1.0,22.63,22.48,,,,,,,,,,,,,false,1
13962,Almoez Ali,360,Qatar,QAT,CF,3080.0,5.3,54.6,5.7,60.7,-6.1,-0.3,45.0,25.36,0.0,0.16,1.0,15.3,78.5,14.0,0.0,1.3,0.0,0,0.48,46,true,3
3299,César Montes,58,Mexico,MEX,RCB,3257.4,3.3,44.4,8.0,96.5,-52.0,-4.7,45.0,32.53,0.0,0.03,0.3,64.0,84.9,6.0,0.3,0.7,0.3,0,0.2,384,true,6
27,Bernardo Silva,365,Portugal,POR,CM,3058.2,4.8,55.9,9.4,102.5,-46.6,-4.6,40.58,28.84,0.0,0.02,0.2,58.4,88.3,11.4,0.8,1.0,0.4,0,0.33,876,true,15
457,Alireza Jahanbakhsh,373,Iran,IRN,RW,1444.7,6.5,59.6,4.0,39.6,20.0,2.5,26.63,23.46,0.0,0.08,1.5,8.0,68.8,7.5,0.5,1.0,0.5,0,0.16,16,true,2
8000,Joao Mario,365,Portugal,POR,CM,1790.3,1.0,14.4,3.0,29.2,-14.8,-2.0,32.5,28.02,0.0,0.0,0.0,20.0,96.0,7.0,0.0,1.5,0.5,0,0.0,80,true,4
13831,Everton Ribeiro,361,Brazil,BRA,CM,1738.9,11.0,94.8,6.0,53.0,41.8,5.0,22.68,22.44,0.0,0.0,0.0,17.0,88.2,5.0,1.0,0.0,0.0,0,0.0,17,true,1
3387,Orbelín Pineda,58,Mexico,MEX,CM,3298.1,24.0,189.1,2.0,16.4,172.7,22.0,21.99,20.56,0.0,0.51,4.0,26.0,76.9,23.0,0.0,1.0,1.0,0,1.01,52,true,2
4626,Eric Maxim Choupo-Moting,379,Cameroon,CMR,CF,3084.9,5.3,59.2,7.7,80.7,-21.5,-2.3,43.23,26.43,0.33,0.17,1.0,23.0,68.6,10.7,0.0,2.0,0.3,2,1.05,138,true,6
4712,Marcus Thuram,363,France,FRA,LW,1256.7,3.0,31.2,4.4,43.8,-12.6,-1.4,38.38,26.13,0.0,0.02,0.2,9.0,59.1,6.0,0.2,1.4,0.4,0,0.12,45,true,5
13869,Walid Cheddira,374,Morocco,MAR,CF,1418.9,7.5,64.8,3.5,33.2,31.7,4.0,28.9,21.99,0.0,0.12,1.0,4.0,62.5,10.5,0.0,0.5,0.0,0,0.25,8,true,2
975,Ronald Matarrita,385,Costa Rica,CRC,LB,801.4,3.0,26.1,0.5,4.1,22.0,2.5,23.33,20.9,0.0,0.0,0.0,14.5,69.9,3.5,1.5,0.0,0.0,0,0.0,29,true,2
13923,Gue-sung Cho,377,South Korea,KOR,CF,2846.8,5.5,59.2,6.3,66.4,-7.2,-0.8,37.45,25.55,0.5,0.18,2.0,15.0,65.9,14.5,0.3,0.8,0.3,2,0.71,60,true,4
12862,Wajdi Kechrida,378,Tunisia,TUN,RM,1526.3,4.3,47.5,8.7,91.6,-44.1,-4.3,34.03,27.99,0.0,0.0,0.0,22.0,78.0,3.0,1.0,0.3,0.3,0,0.0,132,true,6
328,DeAndre Yedlin,51,United States,USA,RB,960.3,6.0,57.9,4.5,42.8,15.2,1.5,24.69,23.67,0.0,0.0,0.0,15.0,66.7,3.0,1.0,0.0,0.0,0,0.0,30,true,2
2071,Alex Telles,361,Brazil,BRA,LB,1143.6,2.5,27.8,3.5,36.4,-8.6,-1.0,28.72,25.84,0.0,0.0,0.0,22.0,83.4,2.0,1.0,0.0,0.5,0,0.0,44,true,2
13958,Mohammed Waad,360,Qatar,QAT,CDM,678.5,2.0,17.4,0.5,2.5,14.9,1.5,22.13,20.3,,,,,,,,,,,,,false,2
3734,Félix Torres,381,Ecuador,ECU,RCB,3122.4,7.0,69.6,4.0,41.9,27.7,3.0,45.0,22.85,0.0,0.05,0.3,66.3,80.0,4.0,0.0,0.3,1.0,0,0.31,398,true,6
13992,Ali Al-Bulayhi,382,Saudi Arabia,KSA,LCB,2629.1,11.0,102.2,7.0,68.2,34.0,4.0,45.0,23.03,0.0,0.0,0.0,29.7,73.4,5.3,0.0,0.0,0.7,0,0.0,178,true,6
13868,Yahya Jabrane,374,Morocco,MAR,CDM,482.4,2.0,16.0,0.0,0.0,16.0,2.0,18.74,18.56,0.0,0.0,0.0,2.0,33.4,2.5,0.0,0.0,0.0,0,0.0,4,true,2
74,Eric Dier,50,England,ENG,RCB,930.7,7.0,55.7,0.5,3.6,52.1,6.5,22.95,20.82,0.0,0.0,0.0,21.0,92.3,1.5,0.0,0.0,0.0,0,0.0,42,true,2
687,Kellyn Acosta,51,United States,USA,CDM,1250.7,12.0,88.5,0.0,2.3,86.2,12.0,22.95,18.54,,,,,,,,,,,,,false,2
1336,Timothy Weah,51,United States,USA,RW,3160.1,5.3,58.3,7.0,74.5,-16.2,-1.8,45.0,26.14,0.25,0.11,1.3,27.3,83.4,6.5,2.0,1.0,0.0,2,0.88,218,true,8
12664,Saša Lukić,375,Serbia,SRB,CM,3661.7,8.0,75.7,4.7,47.6,28.1,3.3,29.92,23.54,0.0,0.01,0.3,54.0,88.7,14.3,0.0,0.3,0.7,0,0.04,162,true,3
4207,Christopher Wooh,379,Cameroon,CMR,RCB,3032.5,2.0,34.1,11.0,118.2,-84.1,-9.0,37.83,31.49,0.0,0.06,1.0,33.0,81.8,12.0,0.0,0.0,1.0,0,0.06,33,true,1
9865,Zakaria Aboukhlal,374,Morocco,MAR,RW,843.4,1.0,12.0,2.0,22.1,-10.2,-1.0,29.61,28.1,0.25,0.15,0.8,3.3,50.4,4.3,0.0,0.5,0.3,1,0.6,13,true,4
14000,Nawaf Al-Abed,382,Saudi Arabia,KSA,CAM,1755.0,4.0,39.6,3.0,32.0,7.6,1.0,26.29,23.44,,,,,,,,,,,,,false,2
4012,Eduardo Camavinga,363,France,FRA,CM,2620.1,6.5,63.7,4.0,41.9,21.8,2.5,36.28,24.05,0.0,0.0,0.0,51.5,88.1,14.0,0.5,2.0,1.0,0,0.0,206,true,4
13813,Fran Karacic,386,Australia,AUS,RB,1986.7,6.0,60.0,4.5,49.0,11.0,1.5,43.39,24.32,0.0,0.03,1.5,27.5,67.0,7.5,1.5,0.5,0.5,0,0.06,55,true,2
13918,Sang-ho Na,377,South Korea,KOR,RW,2205.2,4.5,46.9,2.5,27.2,19.7,2.0,45.0,21.92,0.0,0.03,0.5,19.0,67.1,12.5,1.5,3.0,0.0,0,0.12,76,true,4
11854,Alexander Bah,367,Denmark,DEN,RB,1265.6,2.0,19.7,5.0,51.2,-31.6,-3.0,29.66,27.99,0.0,0.03,1.0,25.0,66.9,5.0,1.5,1.0,0.0,0,0.06,50,true,2
213,Daniel Amartey,383,Ghana,GHA,RCB,3362.0,5.7,67.6,7.7,84.2,-16.7,-2.0,45.0,26.19,0.0,0.0,0.0,46.7,92.7,7.7,0.0,0.3,0.7,0,0.0,140,true,3
133,Bruno Fernandes,365,Portugal,POR,RW,3467.9,5.8,59.6,8.3,83.0,-23.4,-2.5,41.28,26.35,0.5,0.26,2.0,57.8,80.6,15.5,1.3,1.5,0.3,4,2.06,462,true,8
4661,Manuel Akanji,370,Switzerland,SUI,RCB,3468.4,6.5,72.1,7.5,80.1,-8.0,-1.0,45.0,25.6,0.25,0.22,1.0,63.8,89.6,6.5,0.5,0.3,1.0,2,1.77,510,true,8
5195,Piero Hincapie,381,Ecuador,ECU,LCB,3362.7,2.3,31.6,7.3,79.3,-47.7,-5.0,45.0,29.94,0.0,0.0,0.0,66.3,83.2,11.0,0.3,0.0,1.7,0,0.0,199,true,3
2099,Takuma Asano,57,Japan,JPN,RW,1880.4,5.5,58.1,5.8,58.9,-0.8,-0.3,29.36,25.11,0.5,0.32,2.3,7.3,76.5,6.8,0.0,0.3,0.5,2,1.28,29,true,4
13866,Selim Amallah,374,Morocco,MAR,CM,2477.1,4.6,45.3,3.7,37.8,7.5,0.9,35.76,24.41,0.0,0.02,0.3,12.6,70.4,14.9,0.1,1.4,1.6,0,0.23,176,true,14
1799,Nemanja Gudelj,375,Serbia,SRB,CM,2163.0,3.5,34.2,2.5,27.1,7.1,1.0,27.18,24.52,0.0,0.0,0.0,27.5,83.2,8.5,0.0,0.0,0.5,0,0.0,110,true,4
13996,Hassan Tambakti,382,Saudi Arabia,KSA,RCB,3432.4,18.0,157.9,6.0,60.3,97.6,12.0,28.26,22.46,,,,,,,,,,,,,false,4
13055,Nicolas Jackson,372,Senegal,SEN,RW,931.7,4.0,41.4,4.0,35.3,6.1,0.0,24.47,24.39,0.0,0.0,0.0,10.0,90.0,3.0,0.0,0.0,0.0,0,0.0,10,true,1
2094,Junya Ito,57,Japan,JPN,RW,3024.7,5.0,60.6,7.5,83.6,-23.0,-2.5,45.0,28.05,0.0,0.03,0.5,24.5,55.1,11.5,1.8,1.5,1.3,0,0.22,196,true,8
1841,Pau Torres,52,Spain,ESP,LCB,3632.3,26.0,193.7,1.0,6.3,187.4,25.0,20.43,19.35,0.0,0.0,0.0,190.0,90.0,2.0,0.0,0.0,2.0,0,0.0,190,true,1
13960,Hasan Al-Haydos,360,Qatar,QAT,CM,3014.9,2.7,33.6,4.7,48.7,-15.1,-2.0,41.05,27.73,,,,,,,,,,,,,false,3
5065,Christian Nörgaard,367,Denmark,DEN,CDM,645.2,12.0,95.0,0.0,2.7,92.3,12.0,20.26,20.08,0.0,0.0,0.0,15.0,93.3,0.0,0.0,0.0,0.0,0,0.0,15,true,1
8927,Ao Tanaka,57,Japan,JPN,CM,2735.4,8.7,82.2,3.7,35.8,46.4,5.0,38.31,22.71,0.33,0.29,0.3,22.7,74.5,12.7,0.0,0.0,1.3,1,0.87,68,true,3
13875,Vincent Aboubakar,379,Cameroon,CMR,CF,1926.9,2.7,35.9,6.0,68.1,-32.3,-3.3,36.77,31.02,0.67,0.18,2.0,10.3,69.7,3.3,0.3,2.3,0.0,2,0.53,31,true,3
6916,Junior Hoilett,380,Canada,CAN,LW,2149.9,3.0,32.0,3.3,36.8,-4.8,-0.3,28.96,25.88,0.0,0.04,1.3,18.3,71.3,6.0,1.7,2.0,0.7,0,0.24,110,true,6
8032,Kenneth Taylor,366,Netherlands,NED,CM,419.7,3.0,24.9,0.0,4.3,20.6,3.0,20.85,20.7,0.0,0.0,0.0,9.0,100.0,1.0,0.0,0.0,0.0,0,0.0,9,true,1
13780,Keysher Fuller,385,Costa Rica,CRC,RM,3425.2,7.0,79.6,11.7,119.6,-40.0,-4.7,45.0,26.47,,,,,,,,,,,,,false,6
2134,Moises Caicedo,381,Ecuador,ECU,CM,3712.3,11.0,91.6,2.7,28.2,63.3,8.3,41.74,21.14,0.33,0.22,1.0,51.3,83.3,14.3,0.3,0.3,0.7,1,0.65,154,true,3
13860,Marko Livaja,371,Croatia,CRO,CF,1717.2,2.8,37.0,6.7,72.1,-35.1,-3.8,44.04,29.36,0.17,0.3,1.2,9.5,63.5,8.0,0.5,0.7,0.2,1,1.77,57,true,6
21,Phil Foden,50,England,ENG,CM,2531.2,7.0,69.6,5.0,52.6,17.0,2.0,40.94,24.0,0.25,0.31,1.5,29.5,79.2,7.8,0.8,1.3,0.5,3,3.75,354,true,12
13049,Gonzalo Plata,381,Ecuador,ECU,RM,3555.9,7.0,76.4,7.0,74.8,1.6,0.0,44.03,24.82,0.0,0.03,0.7,34.7,75.2,24.0,1.3,3.3,1.0,0,0.21,208,true,6
13975,Milad Mohammadi,373,Iran,IRN,LWB,2662.5,9.3,87.9,6.3,62.5,25.4,3.0,30.21,23.47,0.0,0.0,0.0,22.0,73.6,17.0,0.7,1.0,1.0,0,0.0,132,true,6
12222,Majid Hosseini,373,Iran,IRN,LCB,3591.6,10.3,95.8,4.3,45.9,49.8,6.0,37.4,22.41,0.0,0.0,0.0,36.0,75.9,10.3,0.0,0.3,1.3,0,0.0,216,true,6
13848,Kamil Glik,376,Poland,POL,RCB,3064.9,5.0,51.1,5.0,51.1,0.0,0.0,44.7,25.01,0.0,0.04,0.8,32.5,93.7,3.8,0.0,0.0,1.0,0,0.15,130,true,4
1368,Jose Gimenez,369,Uruguay,URU,LCB,3437.5,2.0,30.9,9.0,95.6,-64.7,-7.0,45.0,32.74,0.0,0.04,1.0,55.7,84.1,8.3,0.7,0.7,2.0,0,0.26,334,true,6
30,Gabriel Jesus,361,Brazil,BRA,CF,1215.5,1.7,17.0,1.7,20.3,-3.3,0.0,27.83,26.02,0.0,0.11,0.7,9.0,82.2,5.0,0.3,0.3,0.3,0,0.32,27,true,3
14029,Taha Yassine Khenissi,378,Tunisia,TUN,CF,771.1,6.0,48.2,0.5,4.1,44.2,5.5,20.4,20.2,0.0,0.01,0.5,1.5,75.0,2.5,0.0,0.0,0.0,0,0.01,3,true,2
1534,Antoine Griezmann,363,France,FRA,CAM,3269.3,7.3,70.1,4.4,46.3,23.8,2.9,36.12,23.66,0.0,0.07,0.9,46.1,78.1,17.9,1.4,1.1,1.6,0,0.99,646,true,14
1,Harry Kane,50,England,ENG,CF,3070.7,3.2,39.4,6.4,73.6,-34.2,-3.2,36.02,30.11,0.4,0.47,2.4,19.4,67.2,6.2,1.0,1.4,0.0,2,2.33,97,true,5
8402,Nicolas Ngamaleu,379,Cameroon,CMR,LW,1688.1,5.5,53.4,5.5,52.4,1.0,0.0,27.55,24.92,,,,,,,,,,,,,false,2
1977,André Zambo Anguissa,379,Cameroon,CMR,CM,3683.7,2.0,29.6,6.3,69.3,-39.7,-4.3,45.0,28.17,0.0,0.02,0.3,44.7,84.3,19.0,0.3,1.0,2.0,0,0.05,134,true,3
4734,Filip Kostic,375,Serbia,SRB,LM,3424.0,2.5,39.3,12.0,137.5,-98.2,-9.5,45.0,35.92,0.0,0.01,0.5,56.0,65.2,15.0,7.5,0.5,0.5,0,0.02,224,true,4
13560,Anass Zaroury,374,Morocco,MAR,LW,1112.2,8.0,63.3,0.0,0.0,63.3,8.0,19.89,19.11,0.0,0.0,0.0,12.0,83.3,3.0,2.0,1.0,0.0,0,0.0,12,true,1
8341,Gavi,52,Spain,ESP,CM,3179.7,4.5,49.3,4.8,51.5,-2.2,-0.3,35.97,25.28,0.25,0.01,0.3,38.3,85.8,14.3,1.0,1.8,0.0,1,0.06,153,true,4
8008,Goncalo Ramos,365,Portugal,POR,CF,1506.9,2.8,28.4,3.0,31.4,-3.0,-0.3,31.24,25.36,0.75,0.42,1.8,7.5,82.7,7.5,0.0,0.5,0.0,3,1.67,30,true,4
7419,Krystian Bielik,376,Poland,POL,CM,2402.0,2.3,24.0,2.8,27.9,-3.9,-0.5,30.44,25.72,0.0,0.03,0.5,24.5,91.9,10.0,0.0,1.0,1.3,0,0.14,98,true,4
8009,Darwin Nunez,369,Uruguay,URU,LW,3213.3,4.0,52.1,10.7,114.9,-62.9,-6.7,34.89,30.26,0.0,0.07,1.0,18.0,67.9,10.3,1.7,1.3,0.3,0,0.43,108,true,6
13926,Diego Godin,369,Uruguay,URU,RCB,2676.6,2.5,36.1,5.0,55.1,-19.0,-2.5,45.0,30.74,0.0,0.03,0.5,49.0,85.3,4.0,0.0,0.0,0.5,0,0.11,196,true,4
13999,Salman Al-Faraj,382,Saudi Arabia,KSA,CM,1530.9,6.0,47.0,0.0,0.0,47.0,6.0,19.45,19.11,,,,,,,,,,,,,false,1
44,Fabinho,361,Brazil,BRA,CDM,3551.3,5.0,59.7,11.0,114.1,-54.4,-6.0,33.15,28.83,0.0,0.0,0.0,56.0,89.3,15.0,0.0,0.0,2.0,0,0.0,112,true,2
9330,Dani Alves,361,Brazil,BRA,RB,2037.1,4.5,44.1,5.0,50.7,-6.6,-0.5,28.86,25.87,0.0,0.06,1.5,49.5,89.2,8.0,2.0,0.5,0.0,0,0.12,99,true,2
10715,Julian Alvarez,364,Argentina,ARG,CF,2754.6,2.9,32.8,8.3,83.1,-50.3,-5.4,35.83,28.25,0.57,0.27,1.6,17.7,68.0,16.9,0.6,0.6,0.3,12,5.72,372,true,21
6596,Jeremy Sarmiento,381,Ecuador,ECU,CAM,1200.2,1.3,13.7,3.0,27.2,-13.5,-1.7,27.47,26.64,0.0,0.01,0.3,11.0,73.6,4.7,0.7,1.0,0.3,0,0.03,33,true,3
13864,Yahia Attiat-Allah,374,Morocco,MAR,LB,2100.7,3.7,41.6,5.5,57.8,-16.2,-1.8,38.52,26.39,0.0,0.06,0.3,23.0,65.4,7.0,1.2,0.3,0.2,0,0.33,138,true,6
70,Cameron Carter-Vickers,51,United States,USA,RCB,3696.0,4.0,55.6,9.0,103.6,-48.0,-5.0,38.69,32.56,0.0,0.0,0.0,55.0,90.9,7.0,0.0,1.0,0.0,0,0.0,55,true,1
3857,Danilo Pereira,365,Portugal,POR,LCB,3238.6,5.0,59.1,12.0,128.6,-69.5,-7.0,35.19,31.35,0.0,0.0,0.0,80.0,90.0,9.0,0.0,1.0,1.0,0,0.0,80,true,1
1937,Kai Havertz,368,Germany,GER,CF,2341.4,7.0,67.1,4.0,40.2,26.9,3.0,25.6,23.83,1.0,0.58,2.5,16.5,79.6,9.5,0.5,0.5,0.5,4,2.31,66,true,4
8343,Sergiño Dest,51,United States,USA,RB,3187.6,1.8,30.9,6.0,69.1,-38.2,-4.3,45.0,31.6,0.0,0.06,1.5,50.3,85.8,10.8,2.0,2.0,0.8,0,0.25,201,true,4
14033,Liam Millar,380,Canada,CAN,LW,497.3,1.0,8.1,0.0,3.4,4.7,1.0,20.68,20.59,0.0,0.0,0.0,9.0,55.6,2.0,1.0,0.0,0.0,0,0.0,9,true,1
13849,Artur Jedrzejczyk,376,Poland,POL,RCB,820.4,3.0,24.4,0.0,0.0,24.4,3.0,17.77,17.43,0.0,0.0,0.0,5.0,80.0,1.0,0.0,0.0,0.0,0,0.0,5,true,1
3301,Héctor Moreno,58,Mexico,MEX,LCB,3128.8,2.7,35.9,6.7,75.3,-39.4,-4.0,45.0,29.23,0.0,0.06,0.3,63.7,86.1,5.0,0.3,0.0,0.7,0,0.18,191,true,3
13977,Morteza Pouraliganji,373,Iran,IRN,RCB,4109.3,13.7,132.8,11.3,112.8,20.0,2.3,31.36,24.48,0.0,0.09,0.7,42.7,67.1,9.3,0.7,0.0,2.7,0,0.54,256,true,6
5116,Cristian Romero,364,Argentina,ARG,RCB,2792.3,4.9,52.0,4.7,49.4,2.6,0.1,45.0,24.8,0.0,0.0,0.0,53.1,86.7,8.3,0.3,0.3,1.3,0,0.0,372,true,7
5098,Ko Itakura,57,Japan,JPN,RCB,3403.1,3.0,40.5,4.0,55.6,-15.1,-1.0,45.0,29.74,0.0,0.05,1.0,37.0,90.3,10.7,0.0,1.0,1.3,0,0.16,111,true,3
13947,Ismaeel Mohammed,360,Qatar,QAT,RW,3324.1,3.0,46.9,10.0,117.1,-70.1,-7.0,45.0,33.93,,,,,,,,,,,,,false,4
3848,Abdou Diallo,372,Senegal,SEN,LB,3155.0,3.0,38.7,7.5,83.4,-44.7,-4.5,41.43,30.71,0.0,0.01,0.3,45.8,72.2,6.3,0.5,0.0,0.3,0,0.07,366,true,8
4674,Axel Witsel,362,Belgium,BEL,CM,4330.8,11.7,99.6,2.3,23.9,75.7,9.3,45.0,21.34,0.0,0.01,0.3,58.7,95.7,14.3,0.0,0.0,1.0,0,0.03,176,true,3
1394,Alvaro Morata,52,Spain,ESP,CF,1920.2,4.3,45.6,5.3,53.5,-7.9,-1.0,41.49,26.04,0.75,0.28,2.0,10.0,65.9,6.5,0.5,0.5,0.0,3,1.11,40,true,4
14011,Saleh Al-Shehri,382,Saudi Arabia,KSA,CF,2622.4,3.3,34.8,3.3,37.2,-2.4,0.0,30.39,26.23,,,,,,,,,,,,,false,3
428,Ismaïla Sarr,372,Senegal,SEN,LW,3458.6,4.8,62.6,11.8,129.9,-67.3,-7.0,42.68,29.77,0.25,0.46,2.5,20.3,70.6,12.8,1.8,3.3,0.8,2,3.7,162,true,8
8099,Rasmus Kristensen,367,Denmark,DEN,RWB,3029.4,3.7,43.4,7.7,80.7,-37.3,-4.0,41.86,27.85,0.0,0.0,0.0,59.3,79.4,7.7,1.0,1.3,1.0,0,0.0,356,true,6
13917,Chang-hoon Kwon,377,South Korea,KOR,RW,2294.0,4.0,45.2,6.0,60.2,-15.0,-2.0,32.46,26.1,0.0,0.0,0.0,23.0,82.6,11.0,3.0,0.0,0.0,0,0.0,23,true,1
4795,Woo-yeong Jeong,377,South Korea,KOR,CF,1792.7,15.0,110.5,0.0,0.0,110.5,15.0,19.6,18.56,0.0,0.03,1.0,16.0,81.3,14.0,1.0,1.0,0.0,0,0.06,32,true,2
163,Bukayo Saka,50,England,ENG,RW,2637.8,4.8,46.6,4.5,45.3,1.3,0.3,39.35,24.95,0.75,0.15,1.8,27.8,75.5,12.3,1.5,1.3,0.5,6,1.16,222,true,8
13563,Jewison Bennette,385,Costa Rica,CRC,LM,1516.9,6.0,55.0,2.0,19.4,35.6,4.0,33.17,21.96,0.0,0.01,0.3,5.0,70.8,13.0,0.3,1.3,0.0,0,0.08,30,true,6
13920,Jun-ho Son,377,South Korea,KOR,CDM,1150.7,1.0,13.0,1.0,12.5,0.5,0.0,26.44,24.81,0.0,0.0,0.0,20.3,87.3,5.7,0.0,0.0,0.7,0,0.0,61,true,3
1895,William Saliba,363,France,FRA,RCB,1224.0,4.0,41.3,4.0,44.0,-2.7,0.0,25.79,25.58,0.0,0.0,0.0,37.0,100.0,3.0,0.0,1.0,0.0,0,0.0,37,true,1
2095,Daichi Kamada,57,Japan,JPN,CAM,3605.2,2.8,33.2,7.3,75.1,-41.9,-4.5,44.02,27.24,0.0,0.11,1.5,26.0,78.4,18.5,0.0,1.8,0.3,0,0.84,208,true,8
118,Harry Maguire,50,England,ENG,LCB,3069.6,5.2,53.6,3.4,35.1,18.5,1.8,45.0,23.19,0.0,0.1,1.2,81.6,86.6,3.4,0.4,0.6,1.0,0,0.49,408,true,5
9824,Montassar Talbi,378,Tunisia,TUN,LCB,3513.5,5.7,57.7,4.7,49.6,8.1,1.0,45.0,23.99,0.0,0.0,0.3,44.3,86.2,8.3,0.3,0.3,1.0,0,0.01,133,true,3
13795,Alvaro Zamora,385,Costa Rica,CRC,LM,1547.1,10.0,95.9,7.0,72.3,23.6,3.0,25.92,23.63,,,,,,,,,,,,,false,1
14027,Naim Sliti,378,Tunisia,TUN,LW,2493.1,8.5,85.8,7.5,76.8,9.0,1.0,26.15,24.48,0.0,0.07,0.5,25.0,58.8,9.0,3.0,3.0,0.5,0,0.28,100,true,4
8050,Alex Sandro,361,Brazil,BRA,LB,3430.4,1.5,28.7,9.0,97.4,-68.7,-7.5,45.0,34.11,0.0,0.01,0.5,82.0,88.7,9.0,1.5,1.0,2.0,0,0.02,164,true,2
14018,Nader Ghandri,378,Tunisia,TUN,RCB,3137.4,6.0,54.9,4.0,36.4,18.5,2.0,25.1,23.08,0.0,0.0,0.0,30.0,90.0,2.0,0.0,0.0,1.0,0,0.0,60,true,2
8578,Simon Kjaer,367,Denmark,DEN,UNK,2622.9,12.0,101.4,3.0,26.7,74.7,9.0,23.4,21.57,,,,,,,,,,,,,false,2
8741,Gael Ondoua,379,Cameroon,CMR,CDM,1259.4,6.0,52.3,1.5,12.0,40.4,4.5,22.77,21.66,0.0,0.0,0.0,9.5,88.9,7.0,0.0,0.0,1.0,0,0.0,19,true,2
11960,Enner Valencia,381,Ecuador,ECU,CF,3056.3,6.7,63.8,5.3,52.9,10.9,1.3,30.49,24.27,1.0,0.64,3.0,17.0,77.0,12.3,0.7,2.3,0.7,6,3.85,102,true,6
13851,Michal Skoras,376,Poland,POL,RW,1990.6,6.0,47.4,2.0,19.6,27.8,4.0,22.11,21.79,0.0,0.03,1.0,9.0,88.9,5.0,0.0,0.0,1.0,0,0.03,9,true,1
7757,Thiago Almada,364,Argentina,ARG,CAM,643.0,6.0,39.5,0.0,0.0,39.5,6.0,18.43,17.98,0.0,0.0,0.0,13.0,92.3,2.0,0.0,0.0,0.0,0,0.0,13,true,1
1522,Frenkie de Jong,366,Netherlands,NED,CM,3856.3,5.2,58.3,7.4,75.5,-17.2,-2.2,35.42,26.46,0.2,0.14,0.4,72.8,88.8,16.0,0.4,2.2,0.6,1,0.72,364,true,5
13859,Mislav Orsic,371,Croatia,CRO,LW,1288.5,2.2,23.6,3.0,32.7,-9.1,-0.8,31.42,26.68,0.2,0.06,1.8,10.8,82.7,5.8,0.4,0.6,0.0,1,0.28,54,true,5
12960,Ricardo Rodriguez,370,Switzerland,SUI,LB,3393.8,3.3,45.7,8.3,91.6,-45.9,-5.0,45.0,29.78,0.0,0.0,0.0,56.8,75.2,6.5,1.8,0.3,0.3,0,0.0,454,true,8
4615,Josip Stanisic,371,Croatia,CRO,RB,3325.3,7.0,65.7,6.0,64.0,1.7,1.0,28.37,24.82,0.0,0.04,1.0,49.0,73.5,8.0,1.0,0.0,1.0,0,0.04,49,true,1
3846,Marquinhos,361,Brazil,BRA,RCB,3038.9,5.4,60.1,7.0,74.6,-14.5,-1.6,45.0,26.07,0.0,0.17,0.4,71.8,96.5,4.2,0.2,0.4,0.6,0,0.86,359,true,5
5178,Osman Bukari,383,Ghana,GHA,RW,1369.8,6.0,56.4,4.5,41.7,14.7,1.5,25.64,23.88,0.5,0.12,1.5,10.5,82.2,5.0,0.5,1.0,0.5,1,0.25,21,true,2
13151,Srdjan Babic,375,Serbia,SRB,LCB,674.8,8.0,60.6,0.0,0.0,60.6,8.0,18.28,18.15,0.0,0.0,0.0,15.0,73.3,2.0,0.0,0.0,0.0,0,0.0,15,true,1
4002,Nayef Aguerd,374,Morocco,MAR,RCB,3344.4,2.5,36.2,7.3,84.1,-47.9,-4.8,45.0,31.87,0.0,0.06,0.3,38.5,85.6,4.0,0.0,0.0,1.0,0,0.5,308,true,8
26,Leroy Sané,368,Germany,GER,LW,2525.8,5.5,62.1,9.5,100.2,-38.1,-4.0,29.18,27.73,0.0,0.09,1.5,28.0,82.5,7.0,2.0,2.0,0.5,0,0.37,112,true,4
13852,Damian Szymanski,376,Poland,POL,CM,1636.8,7.0,51.2,0.0,0.0,51.2,7.0,18.55,18.06,0.0,0.0,0.0,9.0,100.0,2.0,0.0,0.0,0.0,0,0.0,9,true,1
589,Neco Williams,384,Wales,WAL,LWB,2708.5,9.3,89.0,5.0,54.0,35.0,4.3,41.21,23.24,0.0,0.03,1.0,32.3,75.6,10.3,1.3,2.3,1.3,0,0.15,194,true,6
444,Tariq Lamptey,383,Ghana,GHA,RB,1999.8,2.0,23.9,8.0,87.7,-63.8,-6.0,42.54,33.85,0.0,0.04,0.5,16.5,64.7,9.0,1.5,1.0,1.0,0,0.08,33,true,2
4621,Jamal Musiala,368,Germany,GER,LW,3795.9,10.7,99.5,6.3,63.4,36.1,4.3,36.1,23.68,0.0,0.38,3.7,39.0,81.7,13.3,0.7,11.0,1.0,0,2.31,234,true,6
8113,Noah Okafor,370,Switzerland,SUI,CF,572.3,0.7,6.5,0.3,3.8,2.7,0.3,20.89,20.62,0.0,0.01,0.3,7.0,53.9,5.3,0.0,0.0,0.0,0,0.03,21,true,3
1387,Yannick Carrasco,362,Belgium,BEL,LWB,2684.8,2.0,24.8,6.5,71.5,-46.7,-4.5,45.0,30.1,0.0,0.1,2.0,23.0,87.1,5.5,1.0,1.0,0.5,0,0.4,92,true,4
8062,Aaron Ramsey,384,Wales,WAL,CM,4048.7,5.3,57.2,5.0,54.0,3.2,0.3,38.14,24.78,0.0,0.01,0.3,36.7,78.7,18.0,1.0,3.0,0.3,0,0.05,220,true,6
9806,Lois Openda,362,Belgium,BEL,CF,556.5,1.0,14.3,1.0,13.0,1.3,0.0,23.64,23.52,0.0,0.0,0.0,5.0,60.0,3.0,1.0,1.0,0.0,0,0.0,5,true,1
401,Sofiane Boufal,374,Morocco,MAR,LW,2426.0,3.4,39.4,4.4,49.6,-10.2,-1.0,45.0,26.11,0.0,0.05,1.0,19.1,79.1,13.3,1.0,2.9,0.3,0,0.32,134,true,7
12537,Nicola Zalewski,376,Poland,POL,LM,1189.9,3.0,26.3,2.0,22.0,4.3,1.0,24.23,23.76,0.0,0.0,0.0,9.0,86.2,10.0,0.5,0.0,0.0,0,0.0,18,true,2
4020,Kamaldeen Sulemana,383,Ghana,GHA,LW,1338.5,0.5,8.1,1.5,15.2,-7.2,-1.0,31.55,29.63,0.0,0.04,0.5,10.0,53.2,5.0,1.0,2.0,0.0,0,0.08,20,true,2
8061,Danilo,361,Brazil,BRA,RB,3336.0,8.0,86.3,13.3,134.8,-48.5,-5.3,34.79,27.1,0.0,0.01,0.7,89.0,87.2,4.7,2.0,0.3,0.3,0,0.06,534,true,6
92,Andreas Christensen,367,Denmark,DEN,LCB,3705.3,3.3,47.8,10.0,111.7,-63.9,-6.7,45.0,30.68,0.33,0.18,0.7,83.3,94.5,3.7,0.0,0.3,2.0,2,1.05,500,true,6
14017,Ali Maaloul,378,Tunisia,TUN,LB,3213.7,3.0,36.8,6.0,70.7,-33.9,-3.0,41.43,28.84,0.0,0.0,0.0,61.0,63.9,8.0,7.0,0.0,2.0,0,0.0,122,true,2
3924,Bruno Guimarães,361,Brazil,BRA,CDM,1631.9,4.5,42.3,2.0,22.6,19.8,2.5,23.21,22.93,0.0,0.32,2.5,27.5,83.6,5.0,0.5,1.0,0.0,0,0.65,55,true,2
12776,Filip Djuricic,375,Serbia,SRB,CAM,570.7,4.0,37.1,3.0,30.1,7.0,1.0,23.22,22.93,0.0,0.0,0.0,3.0,83.4,2.0,0.0,0.0,0.0,0,0.0,6,true,2
286,Chris Mepham,384,Wales,WAL,RCB,3580.8,3.7,56.9,10.0,122.7,-65.7,-6.3,41.36,34.46,0.0,0.0,0.0,56.7,84.3,10.7,0.0,0.0,0.3,0,0.0,170,true,3
8631,Georges-Kevin N'Koudou,379,Cameroon,CMR,LW,795.6,7.0,55.4,0.0,3.8,51.6,7.0,20.39,20.14,0.0,0.0,0.5,5.5,87.5,7.5,0.0,1.5,0.0,0,0.01,11,true,2
127,Diogo Dalot,365,Portugal,POR,RB,3229.9,6.7,79.7,12.7,134.9,-55.3,-6.0,38.6,28.83,0.0,0.01,0.3,47.3,81.2,8.3,2.3,1.3,1.0,0,0.04,142,true,3
12640,Martin Hongla,379,Cameroon,CMR,CM,2549.7,2.0,32.8,10.0,115.1,-82.3,-8.0,43.57,36.97,,,,,,,,,,,,,false,2
57,Xherdan Shaqiri,370,Switzerland,SUI,RW,2940.7,5.3,55.9,4.7,51.2,4.7,0.7,45.0,24.5,0.33,0.17,1.3,34.7,65.7,7.0,1.7,0.7,0.3,2,0.99,208,true,6
71,Ben Davies,384,Wales,WAL,LCB,3184.5,3.7,47.8,5.7,61.1,-13.3,-2.0,43.86,26.49,0.0,0.13,1.0,53.3,70.8,8.3,0.0,1.0,0.7,0,0.77,320,true,6
7441,Sardar Azmoun,373,Iran,IRN,CF,1636.6,6.0,61.4,6.3,64.9,-3.5,-0.3,26.69,25.2,0.0,0.32,1.7,10.7,66.5,3.3,0.3,0.0,0.0,0,0.96,32,true,3
123,Luke Shaw,50,England,ENG,LB,3183.2,8.6,92.3,9.2,96.2,-3.9,-0.6,45.0,25.22,0.0,0.02,0.6,80.4,84.0,6.2,2.8,0.2,0.6,0,0.08,402,true,5
13912,Jin-su Kim,377,South Korea,KOR,LB,3017.4,3.3,40.1,6.0,67.4,-27.2,-2.8,45.0,27.47,0.0,0.07,0.8,35.3,72.6,5.5,3.5,0.5,1.8,0,0.29,141,true,4
3455,Luis Chávez,58,Mexico,MEX,CM,3672.6,5.3,63.9,9.0,97.3,-33.4,-3.7,42.58,28.03,0.33,0.07,3.3,48.0,72.0,13.3,2.0,1.0,1.3,1,0.22,144,true,3
13785,Gerson Torres,385,Costa Rica,CRC,RM,2488.5,3.0,38.6,7.0,71.2,-32.6,-4.0,31.26,28.04,,,,,,,,,,,,,false,2
13822,Jason Cummings,386,Australia,AUS,CF,1733.7,8.0,68.5,3.0,28.4,40.1,5.0,22.84,22.49,0.0,0.0,0.0,6.0,66.7,10.0,0.0,0.0,0.0,0,0.0,6,true,1
11994,Dries Mertens,362,Belgium,BEL,CF,1825.4,10.0,91.9,5.5,53.4,38.5,4.5,23.85,22.39,0.0,0.18,1.5,18.0,66.7,6.0,0.5,0.5,0.0,0,0.74,72,true,4
1384,Hector Herrera,58,Mexico,MEX,CM,3111.4,6.0,65.8,5.5,60.1,5.7,0.5,45.0,24.43,0.0,0.0,0.0,37.5,83.4,13.0,1.5,1.0,1.0,0,0.0,75,true,2
1452,Nestor Araujo,58,Mexico,MEX,RCB,3064.6,2.0,34.2,10.0,110.1,-75.9,-8.0,44.59,38.01,0.0,0.0,0.0,56.0,83.9,5.0,2.0,0.0,2.0,0,0.0,56,true,1
1860,Takefusa Kubo,57,Japan,JPN,LW,1965.8,3.0,30.2,2.0,22.1,8.1,1.0,25.56,24.11,0.0,0.0,0.0,6.5,45.9,19.5,1.0,0.0,0.0,0,0.0,26,true,4
12502,Min Jae Kim,377,South Korea,KOR,RCB,3267.5,8.0,79.0,6.7,67.4,11.5,1.3,37.82,24.38,0.0,0.04,0.7,62.3,88.1,5.7,0.0,0.3,1.3,0,0.11,187,true,3
1676,Eder Militao,361,Brazil,BRA,RCB,3205.6,3.5,44.7,8.5,89.2,-44.5,-5.0,45.0,28.47,0.0,0.07,1.3,69.3,91.1,12.5,0.8,0.0,0.5,0,0.52,554,true,8
9837,Jackson Porozo,381,Ecuador,ECU,RCB,1857.1,8.0,70.9,3.0,27.1,43.8,5.0,27.41,22.15,0.0,0.03,0.5,21.0,84.6,5.5,0.0,0.0,2.5,0,0.05,42,true,2
13784,Johan Venegas,385,Costa Rica,CRC,CF,3355.2,3.0,33.9,7.0,77.9,-44.0,-4.0,37.14,27.73,0.0,0.0,0.0,14.0,78.6,15.0,1.0,1.0,1.0,0,0.0,14,true,1
13821,Keanu Baccus,386,Australia,AUS,CDM,1695.6,6.3,53.9,3.0,28.3,25.6,3.3,23.85,22.96,0.0,0.01,0.3,10.0,65.0,9.8,0.0,0.3,0.5,0,0.07,80,true,8
3965,Jonathan David,380,Canada,CAN,CF,2950.4,7.3,67.4,4.7,44.3,23.1,2.7,27.42,23.74,0.0,0.27,2.7,19.7,75.9,9.3,0.0,1.3,0.0,0,0.81,59,true,3
1681,Achraf Hakimi,374,Morocco,MAR,RB,3379.5,5.0,59.6,7.9,87.7,-28.0,-2.9,45.0,27.11,0.14,0.13,0.7,54.3,82.0,14.9,1.4,1.1,1.6,2,1.84,760,true,14
2074,Raphinha,361,Brazil,BRA,RW,2544.4,1.8,26.0,8.8,97.6,-71.6,-7.0,45.0,32.52,0.0,0.18,1.6,30.0,77.0,10.2,2.6,2.2,0.4,0,0.92,150,true,5
1267,Lucas Cavallini,380,Canada,CAN,CF,1122.9,14.0,124.3,7.0,63.9,60.4,7.0,22.8,22.67,0.0,0.0,0.0,3.0,100.0,5.0,1.0,0.0,0.0,0,0.0,3,true,1
1836,Maxi Gomez,369,Uruguay,URU,CF,794.0,1.0,17.4,4.0,45.1,-27.7,-3.0,39.11,38.45,0.0,0.04,1.0,3.5,58.4,2.0,0.0,0.0,0.0,0,0.08,7,true,2
1971,Tim Ream,51,United States,USA,LCB,3732.2,4.0,51.1,8.0,85.5,-34.4,-4.0,45.0,27.93,0.0,0.06,0.3,67.5,89.4,7.5,0.0,0.3,2.5,0,0.26,270,true,4
1225,Richie Laryea,380,Canada,CAN,RWB,2231.7,2.0,26.8,7.7,84.3,-57.5,-5.7,45.0,34.01,0.0,0.02,0.7,15.0,76.7,8.3,1.3,2.0,0.0,0,0.17,135,true,9
47,Jordan Henderson,50,England,ENG,CM,2815.4,5.8,61.8,9.3,94.0,-32.2,-3.5,35.79,26.94,0.25,0.04,0.5,41.5,83.4,8.8,2.0,0.5,0.3,1,0.15,166,true,4
9947,Milos Veljkovic,375,Serbia,SRB,UNK,2782.3,4.7,50.2,3.7,41.6,8.5,1.0,40.99,24.56,0.0,0.0,0.0,37.3,88.4,8.0,0.0,0.0,0.0,0,0.0,112,true,3
13944,Abdelkarim Hassan,360,Qatar,QAT,LCB,3402.7,4.7,53.8,8.3,87.4,-33.6,-3.7,43.98,27.71,0.0,0.09,2.0,52.7,78.1,9.7,1.0,1.0,1.0,0,0.27,158,true,3
11090,Erick Gutierrez,58,Mexico,MEX,CM,2098.5,3.0,43.3,7.0,82.5,-39.2,-4.0,39.58,36.06,0.0,0.0,0.0,30.0,83.3,13.0,0.0,1.0,2.0,0,0.0,30,true,1
55,Takumi Minamino,57,Japan,JPN,LW,1041.0,3.7,36.4,2.7,27.7,8.7,1.0,27.43,23.59,0.0,0.28,1.0,8.0,49.2,3.7,1.0,0.0,0.0,0,0.83,24,true,3
4280,Ui-jo Hwang,377,South Korea,KOR,CF,1136.6,3.5,32.3,2.8,27.0,5.3,0.8,27.51,23.63,0.0,0.08,0.3,2.8,43.8,4.5,0.0,0.3,0.0,0,0.32,11,true,4
668,Przemyslaw Frankowski,376,Poland,POL,LM,2327.2,5.0,55.4,6.3,65.6,-10.2,-1.3,37.74,25.95,0.0,0.01,0.3,18.3,71.0,9.8,0.5,0.3,0.8,0,0.04,73,true,4
14005,Sami Al-Najei,382,Saudi Arabia,KSA,CAM,2090.1,14.0,118.0,3.0,30.5,87.5,11.0,24.3,22.01,,,,,,,,,,,,,false,2
4324,Azzedine Ounahi,374,Morocco,MAR,CM,3468.7,4.9,52.0,6.4,68.0,-16.0,-1.6,36.72,26.14,0.0,0.03,0.9,38.1,83.0,13.0,0.1,1.7,1.6,0,0.25,267,true,7
284,Nathan Aké,366,Netherlands,NED,LCB,3348.2,8.6,81.2,5.8,57.6,23.7,2.8,33.58,23.25,0.0,0.0,0.0,70.4,90.5,9.8,0.2,0.0,2.0,0,0.0,352,true,5
8397,Fabian Rieder,370,Switzerland,SUI,CM,1539.1,5.0,47.1,2.5,25.4,21.7,2.5,26.57,22.59,0.0,0.0,0.0,13.5,52.8,15.0,0.5,0.5,0.5,0,0.0,54,true,4
90,Antonio Rüdiger,368,Germany,GER,RCB,3810.6,7.7,84.4,11.3,118.2,-33.9,-3.7,45.0,26.44,0.0,0.22,2.0,82.3,90.7,4.7,0.0,0.0,0.0,0,1.32,494,true,6
4408,Salis Abdul Samed,383,Ghana,GHA,CM,3647.8,7.3,72.5,4.3,47.6,24.9,3.0,45.0,23.39,0.0,0.01,0.3,47.3,91.4,14.7,0.3,1.7,2.3,0,0.03,142,true,3
8045,Matthijs De Ligt,366,Netherlands,NED,RCB,1744.8,3.5,33.3,2.0,21.6,11.7,1.5,33.4,23.79,0.0,0.0,0.0,22.5,44.5,4.0,0.0,0.0,0.5,0,0.0,45,true,2
1810,Youssef En-Nesyri,374,Morocco,MAR,CF,2760.7,4.3,48.6,7.1,72.0,-23.5,-2.9,37.53,26.56,0.29,0.15,1.6,10.9,67.5,16.1,0.0,1.3,0.0,2,1.05,76,true,7
14032,David Wotherspoon,380,Canada,CAN,CAM,539.5,9.0,51.2,0.0,0.0,51.2,9.0,14.67,14.59,,,,,,,,,,,,,false,1
13990,Yasser Al-Shahrani,382,Saudi Arabia,KSA,LB,2964.9,3.0,38.4,8.0,79.8,-41.4,-5.0,35.6,27.62,,,,,,,,,,,,,false,1
1228,Jonathan Osorio,380,Canada,CAN,CM,1846.7,4.3,45.1,4.3,45.2,-0.2,0.0,38.65,25.02,0.0,0.01,0.3,20.0,89.5,10.3,0.0,1.0,0.0,0,0.04,60,true,3
3849,Thilo Kehrer,368,Germany,GER,RCB,2685.8,1.0,23.1,8.0,86.3,-63.2,-7.0,45.0,34.13,0.0,0.0,0.0,28.0,75.0,21.0,0.0,0.0,2.0,0,0.0,56,true,2
1675,Raphael Varane,363,France,FRA,RCB,2982.5,4.5,51.4,6.2,70.5,-19.1,-1.7,45.0,27.81,0.0,0.04,0.5,46.7,89.4,2.7,0.0,0.2,1.0,0,0.26,280,true,6
311,Callum Wilson,50,England,ENG,CF,1099.3,3.5,37.9,5.0,51.6,-13.7,-1.5,27.39,26.69,0.0,0.0,0.0,6.0,75.7,5.0,0.0,0.5,0.0,0,0.0,12,true,2
37,Virgil van Dijk,366,Netherlands,NED,UNK,3227.6,5.4,63.4,10.2,106.1,-42.7,-4.8,44.03,28.09,0.0,0.2,0.8,68.6,88.5,5.8,0.0,0.2,1.0,0,0.98,343,true,5
13946,Pedro Miguel,360,Qatar,QAT,RWB,3068.5,5.7,61.0,5.0,54.2,6.8,0.7,43.18,24.6,,,,,,,,,,,,,false,6
7966,Kieffer Moore,384,Wales,WAL,CF,3125.0,7.7,69.5,2.3,27.5,42.0,5.3,31.19,22.28,0.0,0.21,2.0,20.0,70.7,19.7,0.7,0.0,0.3,0,0.64,60,true,3
13820,Aziz Behich,386,Australia,AUS,LB,4010.1,5.3,61.3,10.8,116.9,-55.6,-5.5,45.0,29.3,0.0,0.03,0.5,51.0,74.2,8.3,0.8,2.5,1.5,0,0.13,204,true,4
3414,Alexis Vega,58,Mexico,MEX,LW,2201.9,6.3,56.5,4.0,41.1,15.4,2.3,31.06,23.58,0.0,0.23,3.0,18.0,62.8,9.7,0.7,1.0,1.0,0,1.38,108,true,6
13930,Giorgian De Arrascaeta,369,Uruguay,URU,CAM,2230.8,2.0,25.5,5.0,55.8,-30.4,-3.0,34.49,29.95,1.0,0.57,1.5,25.5,66.9,13.0,2.0,1.0,0.0,4,2.27,102,true,4
13788,Yeltsin Tejeda,385,Costa Rica,CRC,CM,4093.5,10.0,86.2,2.7,28.7,57.5,7.3,31.45,22.12,0.33,0.17,0.7,32.7,77.0,13.0,0.0,0.0,1.3,1,0.52,98,true,3
3870,Kylian Mbappé,363,France,FRA,LW,2978.4,6.3,68.8,7.9,81.4,-12.6,-1.6,42.77,25.88,1.29,0.72,4.6,33.3,76.6,5.3,3.9,7.1,0.1,18,10.04,466,true,14
3316,Joel Campbell,385,Costa Rica,CRC,CF,3533.5,4.7,51.5,7.0,74.1,-22.6,-2.3,35.27,27.74,0.0,0.02,0.3,45.7,76.0,14.7,1.3,4.3,0.0,0,0.15,411,true,9
12529,Matias Vina,369,Uruguay,URU,LB,538.7,0.5,7.0,1.0,10.4,-3.4,-0.5,25.63,25.43,0.0,0.0,0.0,10.0,62.7,2.0,0.0,0.5,0.0,0,0.0,20,true,2
3865,Neymar,361,Brazil,BRA,CAM,3112.9,3.7,41.1,5.3,56.2,-15.1,-1.7,37.57,26.52,0.67,0.71,4.0,52.0,78.9,8.0,0.7,7.0,0.0,2,2.13,156,true,3
2088,Maya Yoshida,57,Japan,JPN,LCB,3797.2,3.5,50.1,8.3,95.5,-45.5,-4.8,45.0,31.46,0.0,0.2,0.3,56.8,84.1,5.5,0.0,0.8,2.3,0,1.57,454,true,8
8416,Michel Aebischer,370,Switzerland,SUI,CM,862.9,8.0,82.5,9.0,89.3,-6.8,-1.0,25.82,25.73,0.0,0.0,0.0,4.0,50.0,6.0,0.0,0.0,0.0,0,0.0,4,true,1
13861,Bruno Petkovic,371,Croatia,CRO,CF,1299.8,1.7,17.1,1.8,18.6,-1.6,-0.2,39.07,25.32,0.17,0.02,0.2,13.3,60.2,5.0,0.3,0.5,0.0,1,0.1,80,true,6
9820,Achraf Dari,374,Morocco,MAR,RCB,2165.2,2.7,29.3,4.7,50.8,-21.5,-2.0,34.86,28.3,0.33,0.14,0.3,35.7,80.6,5.7,0.0,0.0,1.0,2,0.84,214,true,6
3861,Xavi Simons,366,Netherlands,NED,CAM,553.0,1.0,11.3,1.0,6.9,4.4,0.0,22.55,21.92,0.0,0.0,0.0,10.0,60.0,4.0,0.0,0.0,0.0,0,0.0,10,true,1
754,Kendall Waston,385,Costa Rica,CRC,RCB,2840.2,8.7,76.5,3.3,29.8,46.7,5.3,28.04,21.78,0.0,0.03,0.3,25.7,81.8,6.7,0.0,0.0,1.7,0,0.2,154,true,6
112,Michy Batshuayi,362,Belgium,BEL,CF,2921.1,5.5,56.7,5.5,59.8,-3.1,0.0,35.14,25.45,0.5,0.31,3.0,11.5,65.8,8.0,0.0,0.5,0.0,1,0.62,23,true,2
1381,Marcos Llorente,52,Spain,ESP,CM,4712.2,3.0,45.4,15.0,160.8,-115.4,-12.0,45.0,31.06,0.0,0.03,1.0,104.0,90.4,16.0,1.0,0.0,1.0,0,0.05,208,true,2
2005,Kalvin Phillips,50,England,ENG,CDM,1044.9,1.5,16.2,2.0,19.2,-3.0,-0.5,26.47,26.25,0.0,0.0,0.0,9.5,87.5,6.0,0.0,0.0,0.5,0,0.0,19,true,2
3460,Romario Ibarra,381,Ecuador,ECU,LM,1410.7,5.0,48.4,3.5,35.4,13.1,1.5,37.29,24.34,0.0,0.07,1.0,8.0,39.3,6.0,0.5,0.5,0.0,0,0.27,32,true,4
4623,Serge Gnabry,368,Germany,GER,RW,3491.7,7.7,82.4,11.3,115.4,-33.0,-3.7,33.45,26.38,0.33,0.24,4.0,37.7,73.4,11.3,3.3,2.0,1.7,2,1.46,226,true,6
7571,Alan Franco,381,Ecuador,ECU,CM,998.7,2.0,19.2,1.5,13.2,6.1,0.5,24.81,24.37,0.0,0.0,0.0,5.5,90.0,5.5,0.0,0.0,0.0,0,0.0,11,true,2
14004,Abdulelah Al-Malki,382,Saudi Arabia,KSA,CDM,3414.4,14.5,124.3,4.0,38.9,85.4,10.5,33.95,21.44,,,,,,,,,,,,,false,2
1973,Antonee Robinson,51,United States,USA,LB,3782.5,4.5,56.7,10.3,111.6,-54.9,-5.8,45.0,29.07,0.0,0.0,0.0,60.0,73.4,12.8,3.8,1.8,2.0,0,0.0,240,true,4
12183,Haji Wright,51,United States,USA,CF,1618.1,4.5,41.4,2.3,20.5,20.9,2.3,24.91,22.15,0.25,0.16,1.8,6.8,72.2,6.3,0.0,0.0,0.0,1,0.66,27,true,4
137,Daniel James,384,Wales,WAL,CF,2067.1,2.3,27.8,4.3,46.7,-18.9,-2.0,33.55,27.84,0.0,0.0,0.0,11.3,69.6,7.3,1.3,0.7,0.3,0,0.0,102,true,9
8326,Teun Koopmeiners,366,Netherlands,NED,CDM,1668.5,3.4,35.0,2.4,23.2,11.8,1.0,34.98,23.47,0.2,0.17,0.6,24.0,77.8,11.0,0.4,0.2,0.8,2,1.75,240,true,10
6018,Connor Roberts,384,Wales,WAL,RWB,2775.8,8.0,80.3,7.3,75.1,5.2,0.7,39.97,24.66,0.0,0.0,0.0,39.7,78.4,4.0,1.7,0.3,0.7,0,0.0,238,true,6
12586,Sofyan Amrabat,374,Morocco,MAR,CM,4028.0,6.9,72.9,7.4,79.3,-6.5,-0.6,45.0,25.42,0.0,0.0,0.1,46.1,83.0,17.6,0.3,0.1,1.3,0,0.02,323,true,7
7584,Rodrigo Bentancur,369,Uruguay,URU,CM,3116.7,9.7,87.4,4.3,41.0,46.4,5.3,36.67,23.02,0.0,0.21,1.0,52.7,85.7,13.7,0.3,1.7,3.0,0,0.62,158,true,3
14023,Mohamed Ali Ben Romdhane,378,Tunisia,TUN,CM,2653.2,14.0,115.6,2.0,17.2,98.4,12.0,26.55,20.71,0.0,0.0,0.0,19.0,73.7,10.0,0.0,1.0,0.0,0,0.0,38,true,2
1530,Pedri,52,Spain,ESP,CM,4065.5,6.5,63.2,5.0,52.7,10.5,1.5,34.11,23.96,0.0,0.0,0.0,106.5,93.3,13.5,0.0,2.5,1.5,0,0.0,426,true,4
5135,Josh Sargent,51,United States,USA,CF,2293.0,11.3,89.5,1.0,7.7,81.7,10.3,22.35,20.42,0.0,0.12,1.3,11.3,77.1,8.7,0.3,0.3,0.3,0,0.36,34,true,3
5038,Jae-sung Lee,377,South Korea,KOR,CAM,3344.9,5.0,54.5,8.0,81.8,-27.3,-3.0,33.92,26.81,0.0,0.01,0.3,32.0,86.1,21.0,0.0,0.7,1.0,0,0.06,288,true,9
13927,Guillermo Varela,369,Uruguay,URU,RB,2501.7,4.7,50.8,5.7,59.4,-8.6,-1.0,39.1,25.64,0.0,0.0,0.0,30.3,78.4,6.0,2.0,0.7,0.3,0,0.0,182,true,6
13904,Filip Mladenovic,375,Serbia,SRB,LWB,2670.4,1.0,21.4,11.0,115.2,-93.8,-10.0,38.73,33.7,0.0,0.03,1.0,24.0,79.2,13.0,1.0,2.0,0.0,0,0.05,48,true,2
13121,Yunus Musah,51,United States,USA,CM,4137.3,9.8,93.9,7.8,79.8,14.1,2.0,39.72,24.42,,,,,,,,,,,,,false,4
66,Toby Alderweireld,362,Belgium,BEL,UNK,3671.7,3.3,42.8,4.3,49.3,-6.5,-1.0,45.0,26.12,0.0,0.0,0.0,89.0,91.3,4.3,0.0,0.0,0.7,0,0.0,534,true,6
3895,Ismail Jakobs,372,Senegal,SEN,LB,2629.6,3.0,36.8,5.8,61.3,-24.5,-2.8,45.0,27.35,0.0,0.0,0.3,39.3,70.1,7.0,2.0,0.3,0.8,0,0.01,157,true,4
1334,Weston McKennie,51,United States,USA,CM,3091.0,5.3,52.9,5.0,49.5,3.3,0.3,43.06,24.76,0.0,0.09,1.3,36.5,80.4,10.0,0.3,0.5,0.3,0,0.75,292,true,8
113,Olivier Giroud,363,France,FRA,CF,2478.5,3.8,42.8,4.2,45.2,-2.4,-0.3,39.16,25.18,0.67,0.51,2.8,12.5,66.4,10.0,0.0,0.0,0.2,4,3.04,75,true,6
214,Nampalys Mendy,372,Senegal,SEN,CM,3244.6,2.8,33.5,5.8,60.0,-26.4,-3.0,38.07,27.75,0.0,0.02,0.5,40.5,89.9,9.8,0.0,0.8,0.3,0,0.19,324,true,8
4194,Randal Kolo Muani,363,France,FRA,CF,2401.2,5.0,56.9,7.3,77.7,-20.8,-2.3,31.7,27.23,0.67,0.68,1.7,12.0,64.6,17.0,0.7,2.3,0.3,2,2.05,36,true,3
8555,Otavio,365,Portugal,POR,CM,2670.5,5.3,52.0,4.0,38.5,13.5,1.3,30.43,24.23,,,,,,,,,,,,,false,3
13032,Pathe Ciss,372,Senegal,SEN,CM,1869.0,3.7,36.4,2.3,20.0,16.4,1.3,29.41,22.75,,,,,,,,,,,,,false,3
11488,Ricardo Horta,365,Portugal,POR,LW,1861.8,1.0,13.4,4.0,41.6,-28.2,-3.0,44.02,29.81,0.33,0.15,1.0,15.7,67.8,8.3,0.7,0.0,0.7,2,0.92,94,true,6
14010,Firas Al-Buraikan,382,Saudi Arabia,KSA,RM,3147.4,4.3,49.0,7.7,79.3,-30.3,-3.3,35.5,27.79,,,,,,,,,,,,,false,3
8023,Lisandro Martinez,364,Argentina,ARG,LCB,2136.1,1.8,23.1,2.6,30.4,-7.2,-0.8,37.72,26.64,0.0,0.07,0.2,30.8,87.2,4.6,0.0,0.0,0.6,0,0.33,154,true,5
6655,Nicolas N'Koulou,379,Cameroon,CMR,LCB,3559.7,11.5,105.4,6.5,63.5,41.8,5.0,31.59,22.85,0.0,0.19,1.5,46.5,84.3,8.5,0.0,0.5,1.5,0,0.38,93,true,2
1025,Kamal Miller,380,Canada,CAN,LCB,3331.4,3.3,40.3,7.0,76.4,-36.1,-3.7,42.44,28.42,0.0,0.0,0.0,66.3,92.7,5.0,0.0,0.7,2.7,0,0.0,199,true,3
1682,Daniel Carvajal,52,Spain,ESP,RB,2774.7,7.0,67.0,5.5,52.7,14.3,1.5,31.25,23.88,0.0,0.0,0.0,67.5,90.6,6.0,0.5,0.5,0.5,0,0.0,135,true,2
13878,Jerome Mbekeli,379,Cameroon,CMR,LW,443.7,2.0,16.5,1.0,6.4,10.1,1.0,22.06,21.69,0.0,0.0,0.0,2.0,50.0,2.0,2.0,1.0,0.0,0,0.0,2,true,1
8136,Ivan Perisic,371,Croatia,CRO,LW,3587.2,4.9,59.1,13.3,138.6,-79.5,-8.4,39.01,29.34,0.14,0.11,2.3,43.4,69.4,14.0,4.0,2.4,1.6,2,1.51,608,true,14
3303,Jesús Gallardo,58,Mexico,MEX,LB,3377.1,2.7,41.1,13.3,144.4,-103.2,-10.7,45.0,33.97,0.0,0.02,0.3,46.0,70.0,18.7,2.7,0.7,1.3,0,0.13,276,true,6
9981,Ritsu Doan,57,Japan,JPN,RW,2219.1,1.5,20.5,2.5,30.6,-10.2,-1.0,41.2,27.61,0.5,0.14,1.0,14.3,66.3,11.0,1.5,2.5,1.3,2,0.58,57,true,4
3994,Arkadiusz Milik,376,Poland,POL,CF,1375.8,2.7,26.2,2.7,26.2,0.0,0.0,28.57,24.96,0.0,0.05,0.3,11.0,69.1,4.0,0.0,0.3,0.0,0,0.14,33,true,3
4152,Pape Sarr,372,Senegal,SEN,CM,1415.1,7.0,49.7,0.0,1.5,48.3,7.0,20.09,19.45,0.0,0.04,2.0,23.5,85.6,2.5,0.0,0.5,0.5,0,0.09,47,true,2
8583,Theo Hernandez,363,France,FRA,LB,3203.4,6.8,75.1,12.0,125.2,-50.1,-5.2,45.0,27.07,0.17,0.04,0.8,55.3,85.7,11.5,2.0,1.0,1.2,1,0.26,332,true,6
11856,Enzo Fernandez,364,Argentina,ARG,CM,3356.0,3.4,38.2,4.4,46.8,-8.6,-1.0,41.93,25.9,0.14,0.15,1.3,67.1,87.5,15.3,0.4,0.9,0.7,1,1.05,470,true,7
13825,Garang Kuol,386,Australia,AUS,CF,887.9,4.0,36.3,2.0,22.7,13.6,2.0,23.58,22.97,0.0,0.12,0.5,2.0,83.4,4.0,0.0,1.0,0.5,0,0.23,4,true,2
5029,Silvan Widmer,370,Switzerland,SUI,RB,3510.1,4.3,55.4,13.3,140.0,-84.6,-9.0,45.0,28.86,0.0,0.02,0.3,54.7,77.4,12.3,2.0,0.0,1.3,0,0.05,164,true,3
7955,Rubin Colwill,384,Wales,WAL,CAM,570.2,4.0,28.3,0.0,0.0,28.3,4.0,19.2,18.94,0.0,0.03,1.0,4.0,50.0,3.0,0.0,0.0,0.0,0,0.03,4,true,1
5085,Abdul Rahman Baba,383,Ghana,GHA,LWB,2483.3,8.3,77.8,3.3,36.9,40.9,5.0,39.78,23.19,0.0,0.0,0.0,34.3,44.9,9.3,2.0,1.7,0.3,0,0.0,206,true,6
13783,Bryan Ruiz,385,Costa Rica,CRC,CAM,1464.0,8.0,60.6,0.0,0.0,60.6,8.0,19.89,19.67,0.0,0.0,0.0,13.0,61.5,3.0,0.0,1.0,0.0,0,0.0,13,true,1
13906,Andrija Zivkovic,375,Serbia,SRB,RWB,2654.1,2.0,25.5,8.0,87.5,-62.0,-6.0,45.0,31.38,0.0,0.01,0.3,33.0,74.0,8.0,2.7,0.3,1.3,0,0.03,99,true,3
8011,Haris Seferovic,370,Switzerland,SUI,CF,1035.4,5.7,52.5,4.0,37.7,14.8,1.7,32.3,23.84,0.0,0.09,0.3,4.7,71.1,2.3,0.0,0.0,0.0,0,0.27,14,true,3
13779,Juan Pablo Vargas,385,Costa Rica,CRC,LCB,3569.6,14.0,117.2,4.0,35.5,81.7,10.0,24.84,21.88,0.0,0.18,1.0,28.0,78.6,13.0,0.0,0.0,4.0,0,0.18,28,true,1
13802,Daizen Maeda,57,Japan,JPN,CF,2788.8,10.7,96.8,6.7,64.1,32.7,4.0,26.06,23.07,0.33,0.18,0.7,6.0,44.3,27.0,0.3,0.0,0.7,2,1.07,36,true,6
13964,Ahmed Alaaeldin,360,Qatar,QAT,CF,451.5,4.0,34.6,0.0,0.0,34.6,4.0,19.79,19.72,,,,,,,,,,,,,false,1
1339,Tyler Adams,51,United States,USA,CM,4517.7,7.3,73.0,6.0,64.8,8.2,1.3,42.04,24.51,0.0,0.01,0.3,67.3,91.6,20.3,0.0,0.5,1.5,0,0.02,269,true,4
4883,Andrej Kramaric,371,Croatia,CRO,CF,2795.7,3.4,39.1,7.4,77.4,-38.4,-4.0,36.47,27.99,0.29,0.16,1.4,24.7,85.9,5.4,1.0,1.0,0.0,6,3.26,519,true,21
4607,Lucas Hernández,363,France,FRA,LB,432.7,1.0,7.3,2.0,16.0,-8.7,-1.0,28.53,27.15,0.0,0.0,0.0,10.0,60.0,1.0,0.0,0.0,0.0,0,0.0,10,true,1
13983,Mehdi Torabi,373,Iran,IRN,LW,1071.4,1.7,19.0,2.7,29.0,-10.0,-1.0,31.03,28.42,0.0,0.03,0.7,12.3,81.4,5.7,0.7,0.7,1.0,0,0.1,37,true,3
1034,Jhegson Méndez,381,Ecuador,ECU,CM,3749.2,9.0,82.0,3.5,34.9,47.2,5.5,41.61,21.76,0.0,0.0,0.0,70.5,91.6,14.0,0.0,0.5,0.5,0,0.0,141,true,2
11841,Hidemasa Morita,57,Japan,JPN,CDM,4408.7,4.0,50.0,7.7,85.0,-35.0,-3.7,45.0,28.44,0.0,0.06,1.0,53.7,78.1,18.7,0.7,1.0,1.0,0,0.38,322,true,6
13222,Nahuel Molina,364,Argentina,ARG,RB,2934.4,3.7,46.2,5.9,65.5,-19.3,-2.1,45.0,27.1,0.14,0.07,0.3,51.4,80.5,10.3,0.9,0.4,1.3,2,0.97,720,true,14
4915,Hee-chan Hwang,377,South Korea,KOR,CF,2397.9,2.0,27.3,9.5,98.8,-71.5,-7.5,41.3,33.7,0.5,0.28,3.0,28.5,78.1,14.5,1.0,4.5,0.5,2,1.14,114,true,4
4606,Dayot Upamecano,363,France,FRA,LCB,3635.9,8.0,81.5,8.4,85.9,-4.4,-0.4,39.9,25.19,,,,,,,,,,,,,false,10
